record_id,run_idx,record_idx,timestamp,model,prompt,target,company,ok,text,text_len_chars,text_len_words,language,aspect,esg,tone_pred,sentiment,sentiment_score,labels,reasoning,suggested_tone,suggestion_source,silver_tone_ground_truth,needs_human_review,schema_drift,has_climate_commitment,has_environmental_claims,has_climate_d,background_job_id,target_pages,climatebert_model,climatebert_model_path,climatebert_model_backend,climatebert_label,climatebert_score,climatebert_commitment_pred,climatebert_job_id,climatebert_elapsed_sec
r000_000,0,0,2026-04-08T02:40:23.506816Z,arcee-ai/trinity-large-preview:free,tone_zero_shot_english.md,BEST-SR_2024_pdf/batch_8,BEST-SR_2024,True,"As a pioneer among industrial estate developers in Indonesia, BeFa is at the forefront of creating a green and eco-friendly industrial zone. This transformative initiative aims to minimize environmental impact while promoting a sustainable economic model. It includes prioritizing renewable energy sources, implementing waste management systems, and ensuring efficient resource utilization.",390,52,en,environmental-claims,e,commitment,neutral,0.0,climate-detection|climate-d|climate-d-s|climate-specificity|environmental-claims,"The text describes BeFa's commitment to creating a green and eco-friendly industrial zone with specific actions like prioritizing renewable energy, implementing waste management systems, and ensuring efficient resource utilization. This is a future-oriented commitment rather than an achieved outcome.",commitment,lexical_or_climate_commitment,commitment,False,False,False,True,True,,,GovRoBERTa-governance,/home/ubuntu/apps/benchmarks/model_download/models/GovRoBERTa-governance,Local model,none,0.997707,False,climatebert_multi_20260526T095337Z_eaccca,4.146
r000_001,0,1,2026-04-08T02:40:23.506816Z,arcee-ai/trinity-large-preview:free,tone_zero_shot_english.md,BEST-SR_2024_pdf/batch_8,BEST-SR_2024,True,"The Company is dedicated to continuous innovation and excellence within the realm of ESG, striving to create spaces that harmoniously blend industry with ecological sustainability. In its pursuit of this vision, BeFa is evolving into a Smart Eco-Industrial Park. This initiative focuses on promoting sustainable development through the incorporation of advanced technologies, smart infrastructure, and environmentally friendly practices that benefit both the community and the ecosystem. By fostering collaboration among tenants and other stakeholders, BeFa aims to set a precedent for responsible industrial growth while addressing global environmental challenges.",665,90,en,environmental-claims,e,commitment,neutral,0.0,climate-detection|climate-d|climate-d-s|climate-specificity|environmental-claims,"The text describes BeFa's commitment to ESG excellence and evolving into a Smart Eco-Industrial Park with specific initiatives like advanced technologies, smart infrastructure, and environmentally friendly practices. This is a future-oriented commitment rather than an achieved outcome.",commitment,lexical_or_climate_commitment,commitment,False,False,False,True,True,,,GovRoBERTa-governance,/home/ubuntu/apps/benchmarks/model_download/models/GovRoBERTa-governance,Local model,governance,0.921379,False,climatebert_multi_20260526T095337Z_eaccca,4.946
r000_002,0,2,2026-04-08T02:40:23.506816Z,arcee-ai/trinity-large-preview:free,tone_zero_shot_english.md,BEST-SR_2024_pdf/batch_8,BEST-SR_2024,True,BeFa reaffirms its dedication to leadership excellence by promoting the professional development of its Board of Directors. Each board member is given the opportunity to participate in a specialized competency enhancement program designed to provide them with the latest industry knowledge and strategic insights.,313,44,en,governance,g,action,neutral,0.0,governance,The text describes BeFa's action to promote professional development of its Board of Directors through competency enhancement programs. This is an ongoing action rather than a measurable outcome.,none,fallback_none,action,False,False,False,False,False,,,GovRoBERTa-governance,/home/ubuntu/apps/benchmarks/model_download/models/GovRoBERTa-governance,Local model,none,0.995867,False,climatebert_multi_20260526T095337Z_eaccca,5.383
r006_000,6,0,2026-04-08T02:41:29.425964Z,arcee-ai/trinity-large-preview:free,tone_chain_of_thought_english.md,vktr_ar_sr_2024_pdf/batch_20,vktr_ar_sr_2024,True,"Sepanjang tahun 2024, VKTR mengukuhkan peran strategisnya dalam membentuk lanskap baru transportasi berkelanjutan di Indonesia. Tidak hanya sebagai perintis, VKTR kini hadir sebagai arsitek utama yang merancang dan mewujudkan solusi mobilitas hijau yang adaptif dan menyeluruh. Melalui pengembangan kendaraan listrik komersial lintas sektor, mulai dari truk dan bus, hingga solusi logistik dan angkutan perkotaan, VKTR memperkenalkan model mobilitas yang tidak hanya efisien, tetapi juga berorientasi pada masa depan rendah emisi.",530,70,id,climate-detection,e,commitment,neutral,0.0,climate-commitment|climate-specificity|climate-sentiment|climate-s|climate-f|strategy|environmental-claims,"The text discusses VKTR's strategic role in shaping sustainable transportation in Indonesia, introducing green mobility solutions and low-emission future models. This is a forward-looking commitment to environmental sustainability.",commitment,lexical_or_climate_commitment,commitment,False,False,True,True,False,,,GovRoBERTa-governance,/home/ubuntu/apps/benchmarks/model_download/models/GovRoBERTa-governance,Local model,none,0.999069,False,climatebert_multi_20260526T095337Z_eaccca,7.325
r006_001,6,1,2026-04-08T02:41:29.425964Z,arcee-ai/trinity-large-preview:free,tone_chain_of_thought_english.md,vktr_ar_sr_2024_pdf/batch_20,vktr_ar_sr_2024,True,"Keberhasilan pembangunan fasilitas perakitan kendaraan listrik di Magelang menjadi tonggak penting yang mencerminkan langkah nyata industrialisasi hijau di tingkat nasional. Dengan mengedepankan standar lokal dan pemberdayaan rantai pasok dalam negeri, VKTR memperluas cakupan dampak transformasi, dari aspek teknologi hingga penciptaan nilai ekonomi dan sosial.",362,44,id,climate-detection,e,outcome,positive,1.0,climate-d|climate-specificity|climate-sentiment|climate-s|climate-tcfd|strategy|environmental-claims,"The text highlights the successful completion of VKTR's electric vehicle assembly facility in Magelang, reflecting real progress in national green industrialization. This is an outcome with positive sentiment due to its measurable impact.",outcome,lexical_outcome,outcome,False,False,False,True,True,,,GovRoBERTa-governance,/home/ubuntu/apps/benchmarks/model_download/models/GovRoBERTa-governance,Local model,none,0.999041,False,climatebert_multi_20260526T095337Z_eaccca,5.665
r006_002,6,2,2026-04-08T02:41:29.425964Z,arcee-ai/trinity-large-preview:free,tone_chain_of_thought_english.md,vktr_ar_sr_2024_pdf/batch_20,vktr_ar_sr_2024,True,Komitmen ini diperkuat melalui pengembangan beragam prototipe dan kolaborasi lintas industri yang mendukung kecepatan adopsi serta kustomisasi kendaraan sesuai kebutuhan sektor-sektor strategis.,194,23,id,climate-detection,e,commitment,neutral,0.0,climate-commitment|climate-specificity|climate-sentiment|climate-s|climate-f|strategy|environmental-claims,The text describes VKTR's commitment to developing prototypes and cross-industry collaborations to accelerate adoption and customization of vehicles. This is a future-oriented commitment with neutral sentiment.,commitment,lexical_or_climate_commitment,commitment,False,False,True,True,False,,,GovRoBERTa-governance,/home/ubuntu/apps/benchmarks/model_download/models/GovRoBERTa-governance,Local model,none,0.998926,False,climatebert_multi_20260526T095337Z_eaccca,2.295
r006_003,6,3,2026-04-08T02:41:29.425964Z,arcee-ai/trinity-large-preview:free,tone_chain_of_thought_english.md,vktr_ar_sr_2024_pdf/batch_20,vktr_ar_sr_2024,True,"VKTR terus menjadi bagian penting dari solusi nasional menuju masa depan transportasi rendah karbon. Perjalanan ini bukan sekadar menghadirkan produk, tetapi membentuk sistem, sebuah ekosistem yang menjawab kebutuhan zaman dengan teknologi, tanggung jawab lingkungan, dan tekad kolektif membangun Indonesia yang lebih hijau dan tangguh.",336,44,id,climate-detection,e,commitment,neutral,0.0,climate-commitment|climate-specificity|climate-sentiment|climate-s|climate-f|strategy|environmental-claims,"The text emphasizes VKTR's ongoing role in the national effort toward a low-carbon transportation future, focusing on building a system and ecosystem with environmental responsibility. This is a commitment with neutral sentiment.",commitment,lexical_or_climate_commitment,commitment,False,False,True,True,False,,,GovRoBERTa-governance,/home/ubuntu/apps/benchmarks/model_download/models/GovRoBERTa-governance,Local model,none,0.998976,False,climatebert_multi_20260526T095337Z_eaccca,5.41
r006_004,6,4,2026-04-08T02:41:29.425964Z,arcee-ai/trinity-large-preview:free,tone_chain_of_thought_english.md,vktr_ar_sr_2024_pdf/batch_20,vktr_ar_sr_2024,True,"Pada tanggal 10 Oktober 2023, Perusahaan dan MB menandatangani perjanjian kerja sama antara BA, Entitas Anak, dan MB, dimana Perusahaan akan menyediakan jasa perawatan, perbaikan dan penyediaan suku cadang untuk BYD yang dibutuhkan oleh Kendaraan Bus Listrik BYD K9 LF milik MB. Perusahaan menyatakan bersedia untuk bekerja sama dengan MB dalam hal perawatan, perbaikan, dan penyediaan suku cadang untuk Kendaraan Bus Listrik BYD K9 LF.",436,65,id,climate-detection,e,action,neutral,0.0,climate-d|climate-specificity|climate-sentiment|climate-s|climate-tcfd|strategy|environmental-claims,"The text describes a cooperation agreement between the Company and MB for the maintenance, repair, and provision of spare parts for BYD K9 LF Electric Bus. This is an action without a measurable result, hence neutral sentiment.",commitment,lexical_or_climate_commitment,action,False,False,False,True,True,,,GovRoBERTa-governance,/home/ubuntu/apps/benchmarks/model_download/models/GovRoBERTa-governance,Local model,none,0.999242,False,climatebert_multi_20260526T095337Z_eaccca,7.783
r006_005,6,5,2026-04-08T02:41:29.425964Z,arcee-ai/trinity-large-preview:free,tone_chain_of_thought_english.md,vktr_ar_sr_2024_pdf/batch_20,vktr_ar_sr_2024,True,"Pada tanggal 27 September 2024, Perusahaan menandatangani Surat Perjanjian Kerahasiaan (NDA) dengan PT Agro Multi Persada. NDA tersebut berisi bahwa kedua perusahaan sepakat sehubungan adanya kemungkinan kerja sama dalam penggunaan truk dan bus listrik milik perusahaan oleh AMP untuk tujuan uji coba kendaraan listrik Perusahaan.",330,45,id,climate-detection,e,action,neutral,0.0,climate-d|climate-specificity|climate-sentiment|climate-s|climate-tcfd|strategy|environmental-claims,"The text mentions the signing of an NDA with PT Agro Multi Persada for the potential use of the Company's electric trucks and buses for testing. This is an action without a measurable result, hence neutral sentiment.",none,fallback_none,action,False,False,False,True,True,,,GovRoBERTa-governance,/home/ubuntu/apps/benchmarks/model_download/models/GovRoBERTa-governance,Local model,none,0.999259,False,climatebert_multi_20260526T095337Z_eaccca,7.159
r006_006,6,6,2026-04-08T02:41:29.425964Z,arcee-ai/trinity-large-preview:free,tone_chain_of_thought_english.md,vktr_ar_sr_2024_pdf/batch_20,vktr_ar_sr_2024,True,"Pada tanggal 1 Juni 2024, Perusahaan menandatangani Memorandum of Understanding dengan WBKM. Perusahaan, sebagai perusahaan yang bergerak di bidang perdagangan dan manufaktur kendaraan listrik, dan WBKM, sebagai Perusahaan yang menyediakan angkutan umum, ingin mengeksplorasi dan mempertimbangkan peluang untuk melakukan kerjasama timbal balik yang lebih luas pada proyek di Indonesia.",385,49,id,climate-detection,e,commitment,neutral,0.0,climate-commitment|climate-specificity|climate-sentiment|climate-s|climate-f|strategy|environmental-claims,The text describes the signing of a Memorandum of Understanding with WBKM to explore broader reciprocal cooperation on electric vehicle projects. This is a future-oriented commitment with neutral sentiment.,commitment,lexical_or_climate_commitment,commitment,False,False,True,True,False,,,GovRoBERTa-governance,/home/ubuntu/apps/benchmarks/model_download/models/GovRoBERTa-governance,Local model,none,0.999131,False,climatebert_multi_20260526T095337Z_eaccca,7.05
r006_007,6,7,2026-04-08T02:41:29.425964Z,arcee-ai/trinity-large-preview:free,tone_chain_of_thought_english.md,vktr_ar_sr_2024_pdf/batch_20,vktr_ar_sr_2024,True,"Pada tanggal 15 Februari 2024, Perusahaan membuat Memorandum of Understanding (""MOU"") dengan MHN. Perusahaan dan MHN ingin mengeksplorasi dan mempertimbangkan peluang untuk bekerja sama satu sama lain dan mengembangkan bersama dengan bidang yang lebih luas dari kerja sama timbal balik pada proyek di Indonesia. Jangka waktunya adalah dua (2) tahun sejak tanggal efektif.",371,53,id,climate-detection,e,commitment,neutral,0.0,climate-commitment|climate-specificity|climate-sentiment|climate-s|climate-f|strategy|environmental-claims,The text mentions the signing of a Memorandum of Understanding with MHN to explore and consider opportunities for collaboration on electric vehicle projects. This is a future-oriented commitment with neutral sentiment.,commitment,lexical_or_climate_commitment,commitment,False,False,True,True,False,,,GovRoBERTa-governance,/home/ubuntu/apps/benchmarks/model_download/models/GovRoBERTa-governance,Local model,none,0.99921,False,climatebert_multi_20260526T095337Z_eaccca,7.007
r006_008,6,8,2026-04-08T02:41:29.425964Z,arcee-ai/trinity-large-preview:free,tone_chain_of_thought_english.md,vktr_ar_sr_2024_pdf/batch_20,vktr_ar_sr_2024,True,"Pada tanggal 16 Februari 2024, Perusahaan menandatangani Perjanjian Kerahasiaan dengan MHN. Perusahaan dan MHN sepakat bahwa Perusahaan akan bekerjasama dengan MHN untuk mendiskusikan peluang bisnis atas proyek kendaraan listrik.",229,29,id,climate-detection,e,action,neutral,0.0,climate-d|climate-specificity|climate-sentiment|climate-s|climate-tcfd|strategy|environmental-claims,"The text describes the signing of a Non-Disclosure Agreement with MHN to discuss business opportunities for electric vehicle projects. This is an action without a measurable result, hence neutral sentiment.",commitment,lexical_or_climate_commitment,action,False,False,False,True,True,,,GovRoBERTa-governance,/home/ubuntu/apps/benchmarks/model_download/models/GovRoBERTa-governance,Local model,none,0.999056,False,climatebert_multi_20260526T095337Z_eaccca,6.708
r006_009,6,9,2026-04-08T02:41:29.425964Z,arcee-ai/trinity-large-preview:free,tone_chain_of_thought_english.md,vktr_ar_sr_2024_pdf/batch_20,vktr_ar_sr_2024,True,"Pada tanggal 15 November 2024, Perusahaan dan AMP menandatangani Perjanjian Uji Coba Truk Listrik untuk menguji coba satu (1) unit Truk Listrik tipe VKTR Light Duty Truck TLD080F dengan karoseri Hook Lift di lokasi kebun yang disepakati oleh Perusahan dan AMP. Uji coba ini dilakukan untuk mengevaluasi kinerja Truk Listrik dalam operasional di area kerja AMP, dengan periode uji coba selama satu (1) bulan. Kesuksesan uji coba akan ditentukan berdasarkan parameter kinerja yang telah disepakati, dan jika hasil uji coba memuaskan, AMP berpotensi untuk melakukan pembelian lebih lanjut sesuai dengan kesepakatan tertulis.",621,92,id,climate-detection,e,action,neutral,0.0,climate-d|climate-specificity|climate-sentiment|climate-s|climate-tcfd|strategy|environmental-claims,"The text describes the signing of a Trial Agreement for an Electric Truck with AMP to test the performance of the VKTR Light Duty Truck TLD080F. This is an action without a measurable result, hence neutral sentiment.",outcome,lexical_outcome,action,False,False,False,True,True,,,GovRoBERTa-governance,/home/ubuntu/apps/benchmarks/model_download/models/GovRoBERTa-governance,Local model,none,0.999189,False,climatebert_multi_20260526T095337Z_eaccca,13.369
r006_010,6,10,2026-04-08T02:41:29.425964Z,arcee-ai/trinity-large-preview:free,tone_chain_of_thought_english.md,vktr_ar_sr_2024_pdf/batch_20,vktr_ar_sr_2024,True,"Pada tanggal 5 Agustus 2024, VSI dan BYD telah mengadakan Perjanjian Lisensi Teknis Perakitan KD. Berdasarkan Perjanjian tersebut, VSI sebagai Penerima Lisensi dan BYD sebagai Pemberi Lisensi yang dimana mengatur tentang pemberian Hak Produksi.",244,34,id,climate-detection,e,action,neutral,0.0,climate-d|climate-specificity|climate-sentiment|climate-s|climate-tcfd|strategy|environmental-claims,"The text mentions the signing of a Technical Assembly KD License Agreement between VSI and BYD, outlining the grant of Production Rights. This is an action without a measurable result, hence neutral sentiment.",outcome,lexical_outcome,action,False,False,False,True,True,,,GovRoBERTa-governance,/home/ubuntu/apps/benchmarks/model_download/models/GovRoBERTa-governance,Local model,none,0.999222,False,climatebert_multi_20260526T095337Z_eaccca,16.137
r006_011,6,11,2026-04-08T02:41:29.425964Z,arcee-ai/trinity-large-preview:free,tone_chain_of_thought_english.md,vktr_ar_sr_2024_pdf/batch_20,vktr_ar_sr_2024,True,"Pada tanggal 30 April 2022, Perusahaan dan Anhui mengadakan perjanjian negosiasi terhadap JAC Electric Vehicle Chassis. Jangka waktu perjanjian ini adalah lima (5) tahun.",170,24,id,climate-detection,e,action,neutral,0.0,climate-d|climate-specificity|climate-sentiment|climate-s|climate-tcfd|strategy|environmental-claims,"The text describes the signing of a negotiating agreement with Anhui regarding JAC Electric Vehicle Chassis. This is an action without a measurable result, hence neutral sentiment.",commitment,lexical_or_climate_commitment,action,False,False,False,True,True,,,GovRoBERTa-governance,/home/ubuntu/apps/benchmarks/model_download/models/GovRoBERTa-governance,Local model,none,0.999255,False,climatebert_multi_20260526T095337Z_eaccca,17.196
r007_000,7,0,2026-04-08T02:44:38.216582Z,arcee-ai/trinity-large-preview:free,tone_zero_shot_indonesian.md,AR SR GTRA 2024___pdf/batch_4,AR SR GTRA 2024,True,Dalam jutaan Rupiah,19,3,unknown,none,none,none,none,0.0,none,"This is a currency unit indicator, not related to ESG.",none,label_none,none,False,False,False,False,False,,,GovRoBERTa-governance,/home/ubuntu/apps/benchmarks/model_download/models/GovRoBERTa-governance,Local model,none,0.999124,False,climatebert_multi_20260526T095337Z_eaccca,17.972
r007_001,7,1,2026-04-08T02:44:38.216582Z,arcee-ai/trinity-large-preview:free,tone_zero_shot_indonesian.md,AR SR GTRA 2024___pdf/batch_4,AR SR GTRA 2024,True,Pendapatan,10,1,unknown,none,none,none,none,0.0,none,"This is a financial term for revenue, not related to ESG.",none,label_none,none,False,False,False,False,False,,,GovRoBERTa-governance,/home/ubuntu/apps/benchmarks/model_download/models/GovRoBERTa-governance,Local model,none,0.999056,False,climatebert_multi_20260526T095337Z_eaccca,19.714
r007_002,7,2,2026-04-08T02:44:38.216582Z,arcee-ai/trinity-large-preview:free,tone_zero_shot_indonesian.md,AR SR GTRA 2024___pdf/batch_4,AR SR GTRA 2024,True,Beban Pokok Pendapatan,22,3,unknown,none,none,none,none,0.0,none,"This is a financial term for cost of revenue, not related to ESG.",none,label_none,none,False,False,False,False,False,,,GovRoBERTa-governance,/home/ubuntu/apps/benchmarks/model_download/models/GovRoBERTa-governance,Local model,none,0.999178,False,climatebert_multi_20260526T095337Z_eaccca,15.824
r007_003,7,3,2026-04-08T02:44:38.216582Z,arcee-ai/trinity-large-preview:free,tone_zero_shot_indonesian.md,AR SR GTRA 2024___pdf/batch_4,AR SR GTRA 2024,True,Laba Bruto,10,2,unknown,none,none,none,none,0.0,none,"This is a financial term for gross profit, not related to ESG.",none,label_none,none,False,False,False,False,False,,,GovRoBERTa-governance,/home/ubuntu/apps/benchmarks/model_download/models/GovRoBERTa-governance,Local model,none,0.999098,False,climatebert_multi_20260526T095337Z_eaccca,17.706
r007_004,7,4,2026-04-08T02:44:38.216582Z,arcee-ai/trinity-large-preview:free,tone_zero_shot_indonesian.md,AR SR GTRA 2024___pdf/batch_4,AR SR GTRA 2024,True,Laba Sebelum Beban Pajak Penghasilan,36,5,unknown,none,none,none,none,0.0,none,"This is a financial term for profit before income tax expense, not related to ESG.",none,label_none,none,False,False,False,False,False,,,GovRoBERTa-governance,/home/ubuntu/apps/benchmarks/model_download/models/GovRoBERTa-governance,Local model,none,0.999196,False,climatebert_multi_20260526T095337Z_eaccca,20.563
r007_005,7,5,2026-04-08T02:44:38.216582Z,arcee-ai/trinity-large-preview:free,tone_zero_shot_indonesian.md,AR SR GTRA 2024___pdf/batch_4,AR SR GTRA 2024,True,Laba Neto,9,2,unknown,none,none,none,none,0.0,none,"This is a financial term for net profit, not related to ESG.",none,label_none,none,False,False,False,False,False,,,GovRoBERTa-governance,/home/ubuntu/apps/benchmarks/model_download/models/GovRoBERTa-governance,Local model,none,0.999021,False,climatebert_multi_20260526T095337Z_eaccca,21.294
r007_006,7,6,2026-04-08T02:44:38.216582Z,arcee-ai/trinity-large-preview:free,tone_zero_shot_indonesian.md,AR SR GTRA 2024___pdf/batch_4,AR SR GTRA 2024,True,Rugi Komprehensif Lain - Neto,29,4,unknown,none,none,none,none,0.0,none,"This is a financial term for other comprehensive loss, not related to ESG.",none,label_none,none,False,False,False,False,False,,,GovRoBERTa-governance,/home/ubuntu/apps/benchmarks/model_download/models/GovRoBERTa-governance,Local model,none,0.998711,False,climatebert_multi_20260526T095337Z_eaccca,21.577
r007_007,7,7,2026-04-08T02:44:38.216582Z,arcee-ai/trinity-large-preview:free,tone_zero_shot_indonesian.md,AR SR GTRA 2024___pdf/batch_4,AR SR GTRA 2024,True,Kerugian kredit ekspektasian adalah perkiraan probabilitas-tertimbang dari kerugian kredit.,91,10,unknown,none,none,none,none,0.0,none,"This is an accounting policy statement, not related to ESG.",none,label_none,none,False,False,False,False,False,,,GovRoBERTa-governance,/home/ubuntu/apps/benchmarks/model_download/models/GovRoBERTa-governance,Local model,none,0.999226,False,climatebert_multi_20260526T095337Z_eaccca,21.976
r007_008,7,8,2026-04-08T02:44:38.216582Z,arcee-ai/trinity-large-preview:free,tone_zero_shot_indonesian.md,AR SR GTRA 2024___pdf/batch_4,AR SR GTRA 2024,True,Kerugian kredit diukur sebagai nilai sekarang dari semua kekurangan penerimaan kas (yaitu perbedaan antara arus kas terutang dari suatu entitas berdasarkan kontrak dan arus kas yang diharapkan untuk diterima).,209,29,id,none,none,none,none,0.0,none,"This is an accounting policy statement, not related to ESG.",none,label_none,none,False,False,False,False,False,,,GovRoBERTa-governance,/home/ubuntu/apps/benchmarks/model_download/models/GovRoBERTa-governance,Local model,none,0.99933,False,climatebert_multi_20260526T095337Z_eaccca,26.691
r007_009,7,9,2026-04-08T02:44:38.216582Z,arcee-ai/trinity-large-preview:free,tone_zero_shot_indonesian.md,AR SR GTRA 2024___pdf/batch_4,AR SR GTRA 2024,True,Kerugian kredit ekspektasian didiskontokan pada tingkat bunga efektif dari aset keuangan tersebut.,98,12,unknown,none,none,none,none,0.0,none,"This is an accounting policy statement, not related to ESG.",none,label_none,none,False,False,False,False,False,,,GovRoBERTa-governance,/home/ubuntu/apps/benchmarks/model_download/models/GovRoBERTa-governance,Local model,none,0.999088,False,climatebert_multi_20260526T095337Z_eaccca,27.503
r007_010,7,10,2026-04-08T02:44:38.216582Z,arcee-ai/trinity-large-preview:free,tone_zero_shot_indonesian.md,AR SR GTRA 2024___pdf/batch_4,AR SR GTRA 2024,True,"Pada saat pengakuan awal, Grup mengukur liabilitas keuangan pada nilai wajar ditambah atau dikurangi, biaya transaksi yang terkait langsung dengan perolehan atau penerbitan liabilitas keuangan.",193,25,id,none,none,none,none,0.0,none,"This is an accounting policy statement, not related to ESG.",none,label_none,none,False,False,False,False,False,,,GovRoBERTa-governance,/home/ubuntu/apps/benchmarks/model_download/models/GovRoBERTa-governance,Local model,none,0.999074,False,climatebert_multi_20260526T095337Z_eaccca,29.394
r007_011,7,11,2026-04-08T02:44:38.216582Z,arcee-ai/trinity-large-preview:free,tone_zero_shot_indonesian.md,AR SR GTRA 2024___pdf/batch_4,AR SR GTRA 2024,True,Grup mengklasifikasikan semua liabilitas keuangannya ke dalam kategori liabilitas keuangan yang diukur pada biaya perolehan diamortisasi.,137,16,id,none,none,none,none,0.0,none,"This is an accounting policy statement, not related to ESG.",none,label_none,none,False,False,False,False,False,,,GovRoBERTa-governance,/home/ubuntu/apps/benchmarks/model_download/models/GovRoBERTa-governance,Local model,none,0.998987,False,climatebert_multi_20260526T095337Z_eaccca,31.795
r007_012,7,12,2026-04-08T02:44:38.216582Z,arcee-ai/trinity-large-preview:free,tone_zero_shot_indonesian.md,AR SR GTRA 2024___pdf/batch_4,AR SR GTRA 2024,True,"Setelah pengakuan awal, liabilitas keuangan selanjutnya diukur pada biaya perolehan diamortisasi dengan menggunakan metode suku bunga efektif.",142,17,id,none,none,none,none,0.0,none,"This is an accounting policy statement, not related to ESG.",outcome,lexical_outcome,none,False,False,False,False,False,,,GovRoBERTa-governance,/home/ubuntu/apps/benchmarks/model_download/models/GovRoBERTa-governance,Local model,none,0.999187,False,climatebert_multi_20260526T095337Z_eaccca,33.264
r007_013,7,13,2026-04-08T02:44:38.216582Z,arcee-ai/trinity-large-preview:free,tone_zero_shot_indonesian.md,AR SR GTRA 2024___pdf/batch_4,AR SR GTRA 2024,True,"Keuntungan atau kerugian diakui dalam laba rugi ketika liabilitas keuangan tersebut dihentikan pengakuannya atau mengalami penurunan nilai, dan melalui proses amortisasi.",170,21,id,none,none,none,none,0.0,none,"This is an accounting policy statement, not related to ESG.",none,label_none,none,False,False,False,False,False,,,GovRoBERTa-governance,/home/ubuntu/apps/benchmarks/model_download/models/GovRoBERTa-governance,Local model,none,0.999067,False,climatebert_multi_20260526T095337Z_eaccca,32.19
r007_014,7,14,2026-04-08T02:44:38.216582Z,arcee-ai/trinity-large-preview:free,tone_zero_shot_indonesian.md,AR SR GTRA 2024___pdf/batch_4,AR SR GTRA 2024,True,"Grup mengeluarkan liabilitas keuangan dari laporan posisi keuangan konsolidasiannya jika, dan hanya jika, kewajiban yang ditetapkan dalam kontrak dilepaskan atau dibatalkan atau kedaluwarsa.",190,23,id,none,none,none,none,0.0,none,"This is an accounting policy statement, not related to ESG.",none,label_none,none,False,False,False,False,False,,,GovRoBERTa-governance,/home/ubuntu/apps/benchmarks/model_download/models/GovRoBERTa-governance,Local model,none,0.998943,False,climatebert_multi_20260526T095337Z_eaccca,33.579
r007_015,7,15,2026-04-08T02:44:38.216582Z,arcee-ai/trinity-large-preview:free,tone_zero_shot_indonesian.md,AR SR GTRA 2024___pdf/batch_4,AR SR GTRA 2024,True,"Selisih antara jumlah tercatat liabilitas keuangan yang berakhir atau yang dialihkan ke pihak lain, dan imbalan yang dibayarkan, termasuk aset nonkas yang dialihkan atau liabilitas yang ditanggung diakui dalam laba rugi.",220,31,id,none,none,none,none,0.0,none,"This is an accounting policy statement, not related to ESG.",none,label_none,none,False,False,False,False,False,,,GovRoBERTa-governance,/home/ubuntu/apps/benchmarks/model_download/models/GovRoBERTa-governance,Local model,none,0.999152,False,climatebert_multi_20260526T095337Z_eaccca,32.409
r007_016,7,16,2026-04-08T02:44:38.216582Z,arcee-ai/trinity-large-preview:free,tone_zero_shot_indonesian.md,AR SR GTRA 2024___pdf/batch_4,AR SR GTRA 2024,True,"Aset keuangan dan liabilitas keuangan saling hapus dan jumlah netonya dilaporkan dalam laporan posisi keuangan konsolidasian jika, dan hanya jika, saat ini memiliki hak yang berkekuatan hukum untuk melakukan saling hapus atas jumlah yang telah diakui dan terdapat niat untuk menyelesaikannya secara neto, atau untuk merealisasikan aset dan menyelesaikan liabilitasnya secara simultan.",384,52,id,none,none,none,none,0.0,none,"This is an accounting policy statement, not related to ESG.",outcome,lexical_outcome,none,False,False,False,False,False,,,GovRoBERTa-governance,/home/ubuntu/apps/benchmarks/model_download/models/GovRoBERTa-governance,Local model,none,0.999295,False,climatebert_multi_20260526T095337Z_eaccca,33.364
r007_017,7,17,2026-04-08T02:44:38.216582Z,arcee-ai/trinity-large-preview:free,tone_zero_shot_indonesian.md,AR SR GTRA 2024___pdf/batch_4,AR SR GTRA 2024,True,"Nilai wajar instrumen keuangan yang diperdagangkan di pasar aktif pada setiap tanggal pelaporan ditentukan dengan mengacu pada kuotasi harga pasar atau kuotasi harga pedagang efek (harga penawaran untuk posisi beli dan harga permintaan untuk posisi jual), tidak termasuk pengurangan apapun untuk biaya transaksi.",312,43,id,none,none,none,none,0.0,none,"This is an accounting policy statement, not related to ESG.",none,label_none,none,False,False,False,False,False,,,GovRoBERTa-governance,/home/ubuntu/apps/benchmarks/model_download/models/GovRoBERTa-governance,Local model,none,0.999225,False,climatebert_multi_20260526T095337Z_eaccca,32.097
