review_id,label,rule_tone,tone_pred,sentiment_pred,corrected_rule_tone,corrected_hybrid_tone,corrected_sentiment,review_status,review_priority,ontology_path,ontology_alignment,greenwashing_index,review_notes,text_for_review
a28_001ffd567d46,danamon_2024_pdf/batch_1/rec_119,Unknown,,,,,,needs_review,high,,,,,
a28_c65f71816601,danamon_2024_pdf/batch_1/rec_120,Unknown,,,,,,needs_review,high,,,,,
a28_be9d69614d82,danamon_2024_pdf/batch_1/rec_121,Unknown,,,,,,needs_review,high,,,,,
a28_31c76554ed98,Jasamarga_SR2023_pdf/batch_1/rec_1,Action,Action,Neutral,,,,needs_review,high,Governance → Compliance; General → Misc,-0.0359142534434795,0.0,,
a28_10ab3e9a36f6,Intiland-Development_Sustainability-Report-2023-ID_pdf/batch_1/rec_2,Action,Action,Neutral,,,,needs_review,high,General → Misc,0.0723422914743423,0.0,,
a28_e8a83a44bbef,Intiland-Development_Sustainability-Report-2023-ID_pdf/batch_1/rec_3,Action,Action,Neutral,,,,needs_review,high,Environmental → Emission Reduction,-0.0508577227592468,0.0,,
a28_3ec976abe9bb,Intiland-Development_Sustainability-Report-2023-ID_pdf/batch_1/rec_6,Action,Action,Neutral,,,,needs_review,high,General → Misc,-0.0181346982717514,0.0,,
a28_17d3405795b0,Intiland-Development_Sustainability-Report-2023-ID_pdf/batch_2/rec_8,Action,Action,Neutral,,,,needs_review,high,General → Misc,0.0195221863687038,0.0,,
a28_3289faac47d1,Intiland-Development_Sustainability-Report-2023-ID_pdf/batch_2/rec_8,Action,Action,Neutral,,,,needs_review,high,General → Misc,0.0294360052794218,0.0,,
a28_c682c28c9bb1,Intiland-Development_Sustainability-Report-2023-ID_pdf/batch_2/rec_9,Action,Action,Neutral,,,,needs_review,high,General → Misc,-0.0322733707726001,0.0,,
a28_e85280711906,Jasamarga_SR2023_pdf/batch_1/rec_2,Action,Action,Neutral,,,,needs_review,high,General → Misc,0.0639082789421081,0.0,,
a28_93393769ff6d,Jasamarga_SR2023_pdf/batch_1/rec_2,Action,Action,Neutral,,,,needs_review,high,General → Misc,0.0718135982751846,0.0,,
a28_6c474fa3088c,Jasamarga_SR2023_pdf/batch_1/rec_7,Action,Action,Neutral,,,,needs_review,high,General → Misc,-0.0121751502156257,0.0,,
a28_722337f3ee1a,Jasamarga_SR2023_pdf/batch_1/rec_10,Action,Action,Neutral,,,,needs_review,high,General → Misc,-0.020215168595314,0.0,,
a28_4fbb92518d7b,Jasamarga_SR2023_pdf/batch_1/rec_10,Action,Action,Neutral,,,,needs_review,high,General → Misc,-0.0482272803783416,0.0,,
a28_b4ff91cc40e1,Jasamarga_SR2023_pdf/batch_1/rec_10,Action,Action,Neutral,,,,needs_review,high,General → Misc,-0.0146420579403638,0.0,,
a28_d9ae9ba2f9f5,Intiland-Development_Sustainability-Report-2023-ID_pdf/batch_2/rec_4,Action,Action,Neutral,,,,needs_review,high,General → Misc,0.0038011707365512,0.0,,
a28_74db6a14e8d1,Endava We Care Sustainability Report 2024_pdf/batch_3/rec_8,Action,Action,Neutral,,,,needs_review,high,General → Misc,0.0068288194015622,0.0,,
a28_9204bc0b738f,danamon_2024_pdf/batch_1/rec_13,Action,Action,Neutral,,,,needs_review,high,Governance → Compliance; General → Misc,0.0648562982678413,0.0,,
a28_b5ceb292e35a,danamon_2024_pdf/batch_1/rec_18,Action,Action,Neutral,,,,needs_review,high,General → Misc,-0.0928834527730941,0.0,,
a28_7d58394d4f53,danamon_2024_pdf/batch_1/rec_19,Action,Action,Neutral,,,,needs_review,high,General → Misc,-0.0169793609529733,0.0,,
a28_eb1148a4b6ae,danamon_2024_pdf/batch_1/rec_26,Action,Action,Neutral,,,,needs_review,high,General → Misc,0.0108607653528451,0.0,,
a28_5482f6894d65,danamon_2024_pdf/batch_1/rec_30,Action,Action,Neutral,,,,needs_review,high,General → Misc,-0.0188377946615219,0.0,,
a28_40b399716492,danamon_2024_pdf/batch_1/rec_41,Action,Action,Neutral,,,,needs_review,high,General → Misc,0.0354395508766174,0.0,,
a28_6ad7ec5a083a,danamon_2024_pdf/batch_1/rec_49,Action,Action,Neutral,,,,needs_review,high,General → Misc,-0.0248202420771121,0.0,,
a28_fa57ddadd45e,danamon_2024_pdf/batch_1/rec_50,Action,Action,Neutral,,,,needs_review,high,General → Misc,0.0156981106847524,0.0,,
a28_9da749edbc06,danamon_2024_pdf/batch_1/rec_151,Action,Action,Neutral,,,,needs_review,high,General → Misc,0.0152725102379918,0.0,,
a28_c26583c4eab7,danamon_2024_pdf/batch_1/rec_151,Action,Action,Neutral,,,,needs_review,high,General → Misc,0.0066001638770103,0.0,,
a28_42d26821aecd,danamon_2024_pdf/batch_2/rec_2,Action,Action,Neutral,,,,needs_review,high,General → Misc,0.0196306407451629,0.0,,
a28_424dd05d0fc0,danamon_2024_pdf/batch_2/rec_4,Action,Action,Neutral,,,,needs_review,high,General → Misc,0.0461719371378421,0.0,,
a28_862d590f7c3e,danamon_2024_pdf/batch_2/rec_4,Action,Action,Neutral,,,,needs_review,high,General → Misc,0.0689969956874847,0.0,,
a28_1155fe46315c,danamon_2024_pdf/batch_2/rec_6,Action,Action,Neutral,,,,needs_review,high,General → Misc,0.009731575846672,0.0,,
a28_08c31068e474,danamon_2024_pdf/batch_2/rec_16,Action,Action,Neutral,,,,needs_review,high,General → Misc,-0.0175605062395334,0.0,,
a28_bfc703ed8087,danamon_2024_pdf/batch_2/rec_22,Action,Action,Neutral,,,,needs_review,high,General → Misc,0.0187200494110584,0.0,,
a28_a26ef3a63b24,danamon_2024_pdf/batch_2/rec_23,Action,Action,Neutral,,,,needs_review,high,General → Misc,-0.004341222345829,0.0,,
a28_024a9efaa5c1,danamon_2024_pdf/batch_2/rec_5,Action,Action,Neutral,,,,needs_review,high,General → Misc,0.0407970212399959,0.0,,
a28_47d7a0bfe75d,danamon_2024_pdf/batch_2/rec_12,Action,Action,Neutral,,,,needs_review,high,Social → Worker Safety,-0.0191590562462806,0.0,,
a28_9e098e5bebd3,danamon_2024_pdf/batch_2/rec_14,Action,Action,Neutral,,,,needs_review,high,Social → Worker Safety,0.0315396711230278,0.0,,
a28_d442e52fad80,danamon_2024_pdf/batch_2/rec_18,Action,Action,Neutral,,,,needs_review,high,General → Misc,0.0334401875734329,0.0,,
a28_12e97778e6df,danamon_2024_pdf/batch_2/rec_26,Action,Action,Neutral,,,,needs_review,high,General → Misc,0.0132402051240205,0.0,,
a28_c3e88716134d,danamon_2024_pdf/batch_2/rec_32,Action,Action,Neutral,,,,needs_review,high,General → Misc,0.0295253433287143,0.0,,
a28_68d87678d903,danamon_2024_pdf/batch_2/rec_12,Action,Action,Neutral,,,,needs_review,high,Governance → Compliance; General → Misc,-0.0242277439683675,0.0,,
a28_907d16ddc0ee,danamon_2024_pdf/batch_2/rec_17,Action,Action,Neutral,,,,needs_review,high,General → Misc,0.0156232099980115,0.0,,
a28_85fac9807a87,danamon_2024_pdf/batch_2/rec_18,Action,Action,Neutral,,,,needs_review,high,General → Misc,-0.0136435758322477,0.0,,
a28_4695371c50a0,danamon_2024_pdf/batch_2/rec_22,Action,Action,Neutral,,,,needs_review,high,General → Misc,0.012499475851655,0.0,,
a28_a52f4d5ea605,danamon_2024_pdf/batch_2/rec_24,Action,Action,Neutral,,,,needs_review,high,General → Misc,0.0090885423123836,0.0,,
a28_0a8a111a37fb,danamon_2024_pdf/batch_2/rec_24,Action,Action,Neutral,,,,needs_review,high,General → Misc,0.0663246810436248,0.0,,
a28_6745326a0064,danamon_2024_pdf/batch_2/rec_26,Action,Action,Neutral,,,,needs_review,high,General → Misc,0.0154122561216354,0.0,,
a28_c8d70fcae0a4,danamon_2024_pdf/batch_2/rec_35,Action,Action,Neutral,,,,needs_review,high,Social → Worker Safety,-0.0084577240049839,0.0,,
a28_cf95f11c9a22,danamon_2024_pdf/batch_2/rec_37,Action,Action,Neutral,,,,needs_review,high,Social → Worker Safety,-0.0139420675113797,0.0,,
a28_09ff62dd39f3,danamon_2024_pdf/batch_2/rec_41,Action,Action,Neutral,,,,needs_review,high,General → Misc,0.0064810588955879,0.0,,
a28_76b8552c7547,danamon_2024_pdf/batch_2/rec_49,Action,Action,Neutral,,,,needs_review,high,General → Misc,-0.0076696667820215,0.0,,
a28_7f556c9cbc97,danamon_2024_pdf/batch_2/rec_53,Action,Action,Neutral,,,,needs_review,high,General → Misc,-0.0068301865831017,0.0,,
a28_240707218dca,danamon_2024_pdf/batch_2/rec_59,Action,Action,Neutral,,,,needs_review,high,General → Misc,-0.0580410361289978,0.0,,
a28_2ea183fd4c76,danamon_2024_pdf/batch_3/rec_23,Action,Action,Neutral,,,,needs_review,high,Governance → Compliance; General → Misc,0.007100885733962,0.0,,
a28_d09248eedbff,vktr_ar_sr_2024_pdf/batch_20/rec_7,Action,Action,Neutral,,,,needs_review,high,General → Misc,0.0155953960493206,0.0,,
a28_d4582f9e5150,vktr_ar_sr_2024_pdf/batch_20/rec_7,Action,Action,Neutral,,,,needs_review,high,General → Misc,0.0335431694984436,0.0,,
a28_47b4544cf019,20250526113828-2025-05-26ptba_laporan_berkelanjutan113825_pdf/batch_4/rec_1,Outcome,Action,Neutral,,,,needs_review,high,General → Misc,-0.006146770901978,0.0,,
a28_11bad8f8fe1b,20250526113828-2025-05-26ptba_laporan_berkelanjutan113825_pdf/batch_4/rec_2,Action,Action,Neutral,,,,needs_review,high,Environmental → Preservation,0.0491576269268989,0.0,,
a28_045f99e8ecfb,20250526113828-2025-05-26ptba_laporan_berkelanjutan113825_pdf/batch_4/rec_2,Action,Action,Neutral,,,,needs_review,high,General → Misc,-0.0193365700542926,0.0,,
a28_f4756c5f0eca,20250526113828-2025-05-26ptba_laporan_berkelanjutan113825_pdf/batch_4/rec_2,Action,Action,Neutral,,,,needs_review,high,General → Misc,-0.0014133118093013,0.0,,
a28_cb50198a0069,icr-sustainability-23-24_pdf/batch_6/rec_3,Action,Action,Neutral,,,,needs_review,high,Governance → Compliance,-0.0419497042894363,0.0,,
a28_2d2312a83b3f,icr-sustainability-23-24_pdf/batch_6/rec_11,Action,Action,Neutral,,,,needs_review,high,Governance → Compliance,-0.024254698306322,0.0,,
a28_6c6d92898915,icr-sustainability-23-24_pdf/batch_6/rec_19,Action,Action,Neutral,,,,needs_review,high,Governance → Compliance,0.006096988916397,0.0,,
a28_6d69fe5a55d3,20250526113828-2025-05-26ptba_laporan_berkelanjutan113825_pdf/batch_5/rec_1,Outcome,Action,Neutral,,,,needs_review,high,General → Misc,-0.0238625183701515,0.0,,
a28_55aca8484613,20250526113828-2025-05-26ptba_laporan_berkelanjutan113825_pdf/batch_5/rec_2,Action,Action,Neutral,,,,needs_review,high,Environmental → Preservation,-0.0066866111010313,0.0,,
a28_4807a40d2f73,20250526113828-2025-05-26ptba_laporan_berkelanjutan113825_pdf/batch_5/rec_3,Action,Action,Neutral,,,,needs_review,high,General → Misc,0.0008773524314165,0.0,,
a28_15fd192d2b56,20250526113828-2025-05-26ptba_laporan_berkelanjutan113825_pdf/batch_5/rec_13,Action,Action,Neutral,,,,needs_review,high,Governance → Transparency,0.0123049560934305,0.0,,
a28_ba353a199f56,20250526113828-2025-05-26ptba_laporan_berkelanjutan113825_pdf/batch_5/rec_15,Action,Action,Neutral,,,,needs_review,high,General → Misc,0.0144684426486492,0.0,,
a28_2c8edc1b8038,BEST-SR_2024_pdf/batch_9/rec_3,Action,Action,Neutral,,,,needs_review,high,General → Misc,0.0140388375148177,0.0,,
a28_8ef62327ea2a,BEST-SR_2024_pdf/batch_9/rec_4,Action,Action,Neutral,,,,needs_review,high,Governance → Compliance,-0.0239193979650735,0.0,,
a28_91521348067e,icr-sustainability-23-24_pdf/batch_7/rec_3,Action,Action,Neutral,,,,needs_review,high,Governance → Compliance,0.0045409984886646,0.0,,
a28_06068b037386,20250526113828-2025-05-26ptba_laporan_berkelanjutan113825_pdf/batch_6/rec_1,Outcome,Action,Neutral,,,,needs_review,high,General → Misc,0.0255383439362049,0.0,,
a28_21af9487d3aa,20250526113828-2025-05-26ptba_laporan_berkelanjutan113825_pdf/batch_6/rec_2,Action,Action,Neutral,,,,needs_review,high,Environmental → Preservation,0.0440046787261962,0.0,,
a28_cb80f632be76,20250526113828-2025-05-26ptba_laporan_berkelanjutan113825_pdf/batch_6/rec_2,Action,Action,Neutral,,,,needs_review,high,General → Misc,-0.0305514615029096,0.0,,
a28_79f6f06ba5a3,20250526113828-2025-05-26ptba_laporan_berkelanjutan113825_pdf/batch_6/rec_2,Action,Action,Neutral,,,,needs_review,high,General → Misc,-0.0287428200244903,0.0,,
a28_ab8ebf443c6f,20250526113828-2025-05-26ptba_laporan_berkelanjutan113825_pdf/batch_5/rec_1,Outcome,Action,Neutral,,,,needs_review,high,General → Misc,-0.01862084120512,0.0,,
a28_a96918331dc0,20250526113828-2025-05-26ptba_laporan_berkelanjutan113825_pdf/batch_5/rec_2,Action,Action,Neutral,,,,needs_review,high,Environmental → Preservation,-0.0133644780144095,0.0,,
a28_0f2d8d925cbc,20250526113828-2025-05-26ptba_laporan_berkelanjutan113825_pdf/batch_5/rec_10,Action,Action,Neutral,,,,needs_review,high,Governance → Transparency,-0.0001957323402166,0.0,,
a28_ca2c5c67212b,20250526113828-2025-05-26ptba_laporan_berkelanjutan113825_pdf/batch_5/rec_12,Action,Action,Neutral,,,,needs_review,high,General → Misc,-0.0181641094386577,0.0,,
a28_34e78d7c6823,icr-sustainability-23-24_pdf/batch_8/rec_3,Action,Action,Neutral,,,,needs_review,high,Governance → Compliance,0.0304911192506551,0.0,,
a28_4408ed6b4164,icr-sustainability-23-24_pdf/batch_8/rec_18,Action,Action,Neutral,,,,needs_review,high,Social → Partnership,0.0641480982303619,0.0,,
a28_0b051536cad5,20250526113828-2025-05-26ptba_laporan_berkelanjutan113825_pdf/batch_6/rec_2,Action,Action,Neutral,,,,needs_review,high,General → Misc,0.0318680852651596,0.0,,
a28_3f5fbeb74389,20250526113828-2025-05-26ptba_laporan_berkelanjutan113825_pdf/batch_6/rec_8,Action,Action,Neutral,,,,needs_review,high,Environmental → Preservation,-0.0254808720201253,0.0,,
a28_3b7efd625bb9,vktr_ar_sr_2024_pdf/batch_21/rec_3,Action,Action,Neutral,,,,needs_review,high,General → Misc,0.001359368674457,0.0,,
a28_acaceb94ae7b,vktr_ar_sr_2024_pdf/batch_21/rec_5,Action,Action,Neutral,,,,needs_review,high,General → Misc,-0.0190799422562122,0.0,,
a28_d4a92ab19de7,BEST-SR_2024_pdf/batch_11/rec_16,Action,Action,Neutral,,,,needs_review,high,Social → Worker Safety,0.0510242730379104,0.0,,
a28_21ab1bd8e343,20250526113828-2025-05-26ptba_laporan_berkelanjutan113825_pdf/batch_5/rec_1,Outcome,Action,Neutral,,,,needs_review,high,General → Misc,-0.0596131756901741,0.0,,
a28_203264cb2eca,20250526113828-2025-05-26ptba_laporan_berkelanjutan113825_pdf/batch_5/rec_2,Action,Action,Neutral,,,,needs_review,high,Environmental → Preservation,-0.0250555723905563,0.0,,
a28_9afa48aca02b,20250526113828-2025-05-26ptba_laporan_berkelanjutan113825_pdf/batch_5/rec_2,Action,Action,Neutral,,,,needs_review,high,General → Misc,-0.0292924884706735,0.0,,
a28_7684825363b0,20250526113828-2025-05-26ptba_laporan_berkelanjutan113825_pdf/batch_5/rec_2,Action,Action,Neutral,,,,needs_review,high,General → Misc,-0.0047404281795024,0.0,,
a28_ebf017f420a1,20250526113828-2025-05-26ptba_laporan_berkelanjutan113825_pdf/batch_5/rec_11,Action,Action,Neutral,,,,needs_review,high,General → Misc,-0.0171502456068992,0.0,,
a28_c5d1bbf2f837,Jasamarga_SR2023_pdf/batch_1/rec_10,Commitment,Commitment,Neutral,,,,needs_review,high,General → Misc,0.0923140943050384,0.0,,
a28_5728152aa6fe,Jasamarga_SR2023_pdf/batch_1/rec_10,Commitment,Commitment,Neutral,,,,needs_review,high,General → Misc,0.0549412779510021,0.0,,
a28_aecfefaff160,Endava We Care Sustainability Report 2024_pdf/batch_2/rec_2,Commitment,Commitment,Neutral,,,,needs_review,high,General → Misc,-0.0480489321053028,0.0,,
a28_f87f431fef1b,Endava We Care Sustainability Report 2024_pdf/batch_2/rec_2,Commitment,Commitment,Neutral,,,,needs_review,high,Social → Welfare,0.0326647162437438,0.0,,
a28_a58210817a4e,Endava We Care Sustainability Report 2024_pdf/batch_2/rec_2,Commitment,Commitment,Neutral,,,,needs_review,high,Social → Partnership; General → Misc,0.0048728808760643,0.0,,
a28_a5d73a40f9e0,Endava We Care Sustainability Report 2024_pdf/batch_2/rec_2,Commitment,Commitment,Neutral,,,,needs_review,high,General → Misc,-0.0154074002057313,0.0,,
a28_1d830e478f26,Endava We Care Sustainability Report 2024_pdf/batch_2/rec_2,Commitment,Commitment,Neutral,,,,needs_review,high,General → Misc,-0.0283175781369209,0.0,,
a28_04c9ae6d675c,Endava We Care Sustainability Report 2024_pdf/batch_2/rec_2,Commitment,Commitment,Neutral,,,,needs_review,high,Social → Partnership; General → Misc,0.0191827435046434,0.0,,
a28_479add3db7c0,Endava We Care Sustainability Report 2024_pdf/batch_2/rec_2,Commitment,Commitment,Neutral,,,,needs_review,high,General → Misc,0.0141614424064755,0.0,,
a28_c00bdf3523c6,Endava We Care Sustainability Report 2024_pdf/batch_3/rec_9,Unknown,Commitment,Neutral,,,,needs_review,high,General → Misc,0.0284884609282016,0.0,,
a28_39fa6e265082,Endava We Care Sustainability Report 2024_pdf/batch_3/rec_9,Unknown,Commitment,Neutral,,,,needs_review,high,General → Misc,-0.0103615336120128,0.0,,
a28_1b2e61cba88e,Endava We Care Sustainability Report 2024_pdf/batch_3/rec_1,Unknown,Commitment,Neutral,,,,needs_review,high,General → Misc,0.0356272086501121,0.0,,
a28_a2ce97e389d2,Endava We Care Sustainability Report 2024_pdf/batch_3/rec_8,Unknown,Commitment,Neutral,,,,needs_review,high,Social → Welfare,-0.0246330928057432,0.0,,
a28_7c123f84669f,Endava We Care Sustainability Report 2024_pdf/batch_3/rec_10,Commitment,Commitment,Neutral,,,,needs_review,high,General → Misc,0.000656615011394,0.0,,
a28_88290de1d3d8,Endava We Care Sustainability Report 2024_pdf/batch_3/rec_11,Commitment,Commitment,Neutral,,,,needs_review,high,General → Misc,-0.0539546310901641,0.0,,
a28_43b33e580fbc,Endava We Care Sustainability Report 2024_pdf/batch_3/rec_12,Commitment,Commitment,Neutral,,,,needs_review,high,Social → Partnership; General → Misc,-0.0211784150451421,0.0,,
a28_3f613e788e34,Endava We Care Sustainability Report 2024_pdf/batch_3/rec_13,Unknown,Commitment,Neutral,,,,needs_review,high,General → Misc,0.0568788647651672,0.0,,
a28_4a7ef4ec090a,Endava We Care Sustainability Report 2024_pdf/batch_3/rec_5,Unknown,Commitment,Neutral,,,,needs_review,high,General → Misc,-0.0083487182855606,0.0,,
a28_c11186dce102,Indonet-Annual-Report-2022_pdf/batch_1/rec_1,Outcome,Commitment,Neutral,,,,needs_review,high,Environmental → Energy Efficiency; General → Misc,-0.0069709448143839,0.0,,
a28_768f40d52303,Endava We Care Sustainability Report 2024_pdf/batch_3/rec_6,Unknown,Commitment,Neutral,,,,needs_review,high,General → Misc,-0.0109382607042789,0.0,,
a28_099eb6b0054b,Endava We Care Sustainability Report 2024_pdf/batch_3/rec_10,Unknown,Commitment,Neutral,,,,needs_review,high,General → Misc,0.040577694773674,0.0,,
a28_8c9a77ee3282,Endava We Care Sustainability Report 2024_pdf/batch_4/rec_1,Unknown,Commitment,Neutral,,,,needs_review,high,General → Misc,-0.0405177138745784,0.0,,
a28_18bf901a9bbc,Endava We Care Sustainability Report 2024_pdf/batch_4/rec_5,Unknown,Commitment,Neutral,,,,needs_review,high,General → Misc,0.0008727703243494,0.0,,
a28_806db6020b4d,Endava We Care Sustainability Report 2024_pdf/batch_4/rec_8,Unknown,Commitment,Neutral,,,,needs_review,high,Social → Welfare,0.025973904877901,0.0,,
a28_94ce31695d4a,Endava We Care Sustainability Report 2024_pdf/batch_4/rec_9,Commitment,Commitment,Neutral,,,,needs_review,high,General → Misc,0.0393956340849399,0.0,,
a28_bfd5c6e1f05a,Endava We Care Sustainability Report 2024_pdf/batch_4/rec_10,Unknown,Commitment,Neutral,,,,needs_review,high,General → Misc,-0.0609377883374691,0.0,,
a28_004f1fe04957,Endava We Care Sustainability Report 2024_pdf/batch_4/rec_11,Unknown,Commitment,Neutral,,,,needs_review,high,General → Misc,0.019662132486701,0.0,,
a28_ee3a97206235,Endava We Care Sustainability Report 2024_pdf/batch_4/rec_12,Unknown,Commitment,Neutral,,,,needs_review,high,General → Misc,0.002016233280301,0.0,,
a28_03e6a5310926,Endava We Care Sustainability Report 2024_pdf/batch_4/rec_13,Unknown,Commitment,Neutral,,,,needs_review,high,General → Misc,0.0469100140035152,0.0,,
a28_0bf20543eeb9,Endava We Care Sustainability Report 2024_pdf/batch_4/rec_3,Unknown,Commitment,Neutral,,,,needs_review,high,General → Misc,-0.0169556699693202,0.0,,
a28_de64e49f8fcb,Endava We Care Sustainability Report 2024_pdf/batch_4/rec_3,Unknown,Commitment,Neutral,,,,needs_review,high,General → Misc,-0.0137079153209924,0.0,,
a28_663acb5d2d91,Endava We Care Sustainability Report 2024_pdf/batch_4/rec_8,Unknown,Commitment,Neutral,,,,needs_review,high,General → Misc,-0.0052861887961626,0.0,,
a28_b5cb3d50a194,Indonet-Annual-Report-2022_pdf/batch_2/rec_1,Outcome,Commitment,Neutral,,,,needs_review,high,Environmental → Energy Efficiency; General → Misc,-0.0481463484466075,0.0,,
a28_66d626c90041,Indonet-Annual-Report-2022_pdf/batch_2/rec_1,Outcome,Commitment,Neutral,,,,needs_review,high,Environmental → Energy Efficiency; General → Misc,-0.0195089690387249,0.0,,
a28_07fb760a5ccd,Endava We Care Sustainability Report 2024_pdf/batch_4/rec_2,Unknown,Commitment,Neutral,,,,needs_review,high,General → Misc,0.0441227182745933,0.0,,
a28_43bf03071747,Endava We Care Sustainability Report 2024_pdf/batch_4/rec_3,Commitment,Commitment,Neutral,,,,needs_review,high,General → Misc,0.0016124416142702,0.0,,
a28_d14a8a52cc67,Endava We Care Sustainability Report 2024_pdf/batch_4/rec_10,Unknown,Commitment,Neutral,,,,needs_review,high,Social → Welfare,0.0335991084575653,0.0,,
a28_7e473b6accf2,Endava We Care Sustainability Report 2024_pdf/batch_4/rec_12,Commitment,Commitment,Neutral,,,,needs_review,high,General → Misc,0.0109418034553527,0.0,,
a28_c68bc4cb9782,Endava We Care Sustainability Report 2024_pdf/batch_4/rec_13,Commitment,Commitment,Neutral,,,,needs_review,high,Economic → Operational → Supply Chain,0.0095624225214123,0.0,,
a28_45cb5cec63ca,Endava We Care Sustainability Report 2024_pdf/batch_4/rec_14,Commitment,Commitment,Neutral,,,,needs_review,high,Social → Partnership; General → Misc,-0.0368683077394962,0.0,,
a28_6fd84cfe24f0,Indonet-Annual-Report-2022_pdf/batch_3/rec_1,Outcome,Commitment,Neutral,,,,needs_review,high,Environmental → Energy Efficiency; General → Misc,-0.0060736089944839,0.0,,
a28_b396c3cf85a7,Endava We Care Sustainability Report 2024_pdf/batch_1/rec_3,Unknown,Commitment,Neutral,,,,needs_review,high,General → Misc,-0.0203433670103549,0.0,,
a28_b0eb3ebe8476,Endava We Care Sustainability Report 2024_pdf/batch_1/rec_6,Unknown,Commitment,Neutral,,,,needs_review,high,General → Misc,0.0334419198334217,0.0,,
a28_0c63cb3f1f43,Endava We Care Sustainability Report 2024_pdf/batch_1/rec_7,Unknown,Commitment,Neutral,,,,needs_review,high,Social → Welfare,0.0292871333658695,0.0,,
a28_7c4f676ca714,Jasamarga_SR2023_pdf/batch_1/rec_12,Commitment,Commitment,Neutral,,,,needs_review,high,General → Misc,-0.0327756442129612,0.0,,
a28_5d7467122c5e,Jasamarga_SR2023_pdf/batch_1/rec_12,Commitment,Commitment,Neutral,,,,needs_review,high,General → Misc,-0.0435792170464992,0.0,,
a28_c47052c9d625,Endava We Care Sustainability Report 2024_pdf/batch_2/rec_4,Commitment,Commitment,Neutral,,,,needs_review,high,General → Misc,0.0638373866677284,0.0,,
a28_8258fa32b8bd,Endava We Care Sustainability Report 2024_pdf/batch_2/rec_3,Commitment,Commitment,Neutral,,,,needs_review,high,General → Misc,-0.0275812000036239,0.0,,
a28_f7ab8dbe4562,Endava We Care Sustainability Report 2024_pdf/batch_2/rec_4,Commitment,Commitment,Neutral,,,,needs_review,high,General → Misc,0.0675312578678131,0.0,,
a28_567f054c185b,Endava We Care Sustainability Report 2024_pdf/batch_2/rec_5,Unknown,Commitment,Neutral,,,,needs_review,high,General → Misc,0.0008797161281108,0.0,,
a28_67d8931daf95,Endava We Care Sustainability Report 2024_pdf/batch_2/rec_3,Commitment,Commitment,Neutral,,,,needs_review,high,General → Misc,-0.0088646225631237,0.0,,
a28_df49fa246e58,Endava We Care Sustainability Report 2024_pdf/batch_2/rec_4,Commitment,Commitment,Neutral,,,,needs_review,high,General → Misc,-0.0313273519277572,0.0,,
a28_e1d854eceda5,Intiland-Development_Sustainability-Report-2023-ID_pdf/batch_2/rec_9,Commitment,Commitment,Neutral,,,,needs_review,high,General → Misc,0.0100359041243791,0.0,,
a28_b0ec61113b4f,Endava We Care Sustainability Report 2024_pdf/batch_3/rec_4,Unknown,Commitment,Neutral,,,,needs_review,high,General → Misc,-0.0583642609417438,0.0,,
a28_8b747debe373,Endava We Care Sustainability Report 2024_pdf/batch_3/rec_5,Commitment,Commitment,Neutral,,,,needs_review,high,General → Misc,-0.0312705747783184,0.0,,
a28_501e4dc8a95c,Endava We Care Sustainability Report 2024_pdf/batch_3/rec_6,Commitment,Commitment,Neutral,,,,needs_review,high,General → Misc,-0.0182305984199047,0.0,,
a28_dc54d5334725,Intiland-Development_Sustainability-Report-2023-ID_pdf/batch_3/rec_1,Commitment,Commitment,Neutral,,,,needs_review,high,General → Misc,0.0552406422793865,0.0,,
a28_e0483c07f80c,Endava We Care Sustainability Report 2024_pdf/batch_3/rec_2,Commitment,Commitment,Neutral,,,,needs_review,high,General → Misc,0.0712412744760513,0.0,,
a28_08aa6dc365c4,Endava We Care Sustainability Report 2024_pdf/batch_3/rec_9,Unknown,Commitment,Neutral,,,,needs_review,high,General → Misc,-0.0465510711073875,0.0,,
a28_9d977bcce370,Endava We Care Sustainability Report 2024_pdf/batch_3/rec_4,Unknown,Commitment,Neutral,,,,needs_review,high,General → Misc,0.0580478124320507,0.0,,
a28_0e369999aab0,Endava We Care Sustainability Report 2024_pdf/batch_3/rec_6,Commitment,Commitment,Neutral,,,,needs_review,high,General → Misc,-0.0161690786480903,0.0,,
a28_53512222cc03,Endava We Care Sustainability Report 2024_pdf/batch_3/rec_1,Unknown,Commitment,Neutral,,,,needs_review,high,General → Misc,0.0257142689079046,0.0,,
a28_563c862f98cd,Endava We Care Sustainability Report 2024_pdf/batch_3/rec_5,Unknown,Commitment,Neutral,,,,needs_review,high,Social → Welfare,-0.0010784231126308,0.0,,
a28_a0765ab56105,Endava We Care Sustainability Report 2024_pdf/batch_3/rec_6,Commitment,Commitment,Neutral,,,,needs_review,high,General → Misc,0.0328265912830829,0.0,,
a28_d4d1c37a0521,Intiland-Development_Sustainability-Report-2023-ID_pdf/batch_3/rec_1,Commitment,Commitment,Neutral,,,,needs_review,high,Environmental → Emission Reduction,-0.008995933458209,0.0,,
a28_bc79df862812,Endava We Care Sustainability Report 2024_pdf/batch_4/rec_1,Unknown,Commitment,Neutral,,,,needs_review,high,General → Misc,-0.0242466051131486,0.0,,
a28_899ebd14bdee,Endava We Care Sustainability Report 2024_pdf/batch_4/rec_6,Unknown,Commitment,Neutral,,,,needs_review,high,General → Misc,0.0382202044129371,0.0,,
a28_34463a6d0579,Indonet-Annual-Report-2022_pdf/batch_3/rec_1,Outcome,Commitment,Neutral,,,,needs_review,high,Environmental → Energy Efficiency; General → Misc,0.0016477378085255,0.0,,
a28_7fc985a88eb0,Indonet-Annual-Report-2022_pdf/batch_4/rec_1,Outcome,Commitment,Neutral,,,,needs_review,high,Environmental → Energy Efficiency; General → Misc,-0.0118956612423062,0.0,,
a28_19f6dee995a7,Indonet-Annual-Report-2022_pdf/batch_4/rec_1,Outcome,Commitment,Neutral,,,,needs_review,high,Environmental → Energy Efficiency; General → Misc,0.0541262328624725,0.0,,
a28_c74c99e9a7a1,Indonet-Annual-Report-2022_pdf/batch_4/rec_1,Outcome,Commitment,Neutral,,,,needs_review,high,Environmental → Energy Efficiency; General → Misc,0.013178426772356,0.0,,
a28_6dccef51b0ba,Indonet-Annual-Report-2022_pdf/batch_4/rec_1,Outcome,Commitment,Neutral,,,,needs_review,high,Environmental → Energy Efficiency; General → Misc,0.030524656176567,0.0,,
a28_51e0f81e7dff,Endava We Care Sustainability Report 2024_pdf/batch_4/rec_3,Unknown,Commitment,Neutral,,,,needs_review,high,General → Misc,-0.0393369421362876,0.0,,
a28_f58507f41a68,Endava We Care Sustainability Report 2024_pdf/batch_4/rec_5,Commitment,Commitment,Neutral,,,,needs_review,high,General → Misc,-0.0270501915365457,0.0,,
a28_c2c104dc1c92,Endava We Care Sustainability Report 2024_pdf/batch_4/rec_1,Commitment,Commitment,Neutral,,,,needs_review,high,General → Misc,0.0089164450764656,0.0,,
a28_e42b3b3e957b,Endava We Care Sustainability Report 2024_pdf/batch_4/rec_1,Commitment,Commitment,Neutral,,,,needs_review,high,General → Misc,0.0500868484377861,0.0,,
a28_66a66d2a7a50,Endava We Care Sustainability Report 2024_pdf/batch_1/rec_9,Commitment,Commitment,Neutral,,,,needs_review,high,General → Misc,-0.0405477955937385,0.0,,
a28_c0dbcefc0a00,Endava We Care Sustainability Report 2024_pdf/batch_1/rec_10,Commitment,Commitment,Neutral,,,,needs_review,high,General → Misc,0.0163017902523279,0.0,,
a28_8d1fc060c5ba,Endava We Care Sustainability Report 2024_pdf/batch_1/rec_11,Commitment,Commitment,Neutral,,,,needs_review,high,Social → Partnership; General → Misc,0.0232811570167541,0.0,,
a28_30441fd4ff17,Indonet-Annual-Report-2022_pdf/batch_1/rec_1,Outcome,Commitment,Neutral,,,,needs_review,high,Environmental → Energy Efficiency; General → Misc,-0.0300928503274917,0.0,,
a28_c3b914851615,Indonet-Annual-Report-2022_pdf/batch_1/rec_1,Outcome,Commitment,Neutral,,,,needs_review,high,Environmental → Energy Efficiency; General → Misc,-0.0445115081965923,0.0,,
a28_50bb706848a4,danamon_2024_pdf/batch_1/rec_43,Commitment,Commitment,Neutral,,,,needs_review,high,General → Misc,-0.0156663246452808,0.0,,
a28_2005aaa8ede5,danamon_2024_pdf/batch_1/rec_47,Commitment,Commitment,Neutral,,,,needs_review,high,General → Misc,0.0203890390694141,0.0,,
a28_8cc125fbb509,danamon_2024_pdf/batch_1/rec_70,Commitment,Commitment,Neutral,,,,needs_review,high,General → Misc,-0.0025263093411922,0.0,,
a28_b7f839716b07,danamon_2024_pdf/batch_1/rec_72,Commitment,Commitment,Neutral,,,,needs_review,high,General → Misc,-0.018324077129364,0.0,,
a28_bf79fc9b8737,danamon_2024_pdf/batch_1/rec_80,Commitment,Commitment,Neutral,,,,needs_review,high,General → Misc,0.0453180633485317,0.0,,
a28_eeea9feb051d,danamon_2024_pdf/batch_1/rec_152,Commitment,Commitment,Neutral,,,,needs_review,high,General → Misc,-0.0070882830768823,0.0,,
a28_e98ef65a1224,danamon_2024_pdf/batch_1/rec_154,Commitment,Commitment,Neutral,,,,needs_review,high,General → Misc,-0.0537023320794105,0.0,,
a28_0dd1e862d262,danamon_2024_pdf/batch_1/rec_163,Commitment,Commitment,Neutral,,,,needs_review,high,General → Misc,0.0351803451776504,0.0,,
a28_38f4a67b1d22,20250526113828-2025-05-26ptba_laporan_berkelanjutan113825_pdf/batch_4/rec_6,Outcome,Commitment,Neutral,,,,needs_review,high,General → Misc,-0.014523223042488,0.0,,
a28_a3b6aa6917ab,20250526113828-2025-05-26ptba_laporan_berkelanjutan113825_pdf/batch_4/rec_6,Outcome,Commitment,Neutral,,,,needs_review,high,General → Misc,-0.0304081067442893,0.0,,
a28_f82adaf27c2a,BEST-SR_2024_pdf/batch_9/rec_11,Action,Commitment,Neutral,,,,needs_review,high,General → Misc,-0.0114224851131439,0.0,,
a28_5ae0222d6f85,icr-sustainability-23-24_pdf/batch_8/rec_12,Commitment,Commitment,Neutral,,,,needs_review,high,Environmental → Emission Reduction,0.0007676002569496,0.0,,
a28_e93171c7c2b0,vktr_ar_sr_2024_pdf/batch_21/rec_3,Action,Commitment,Neutral,,,,needs_review,high,General → Misc,0.0145549420267343,0.0,,
a28_9de877517356,BEST-SR_2024_pdf/batch_11/rec_10,Commitment,Commitment,Neutral,,,,needs_review,high,General → Misc,0.0508791878819465,0.0,,
a28_7a30a668cd3c,BEST-SR_2024_pdf/batch_11/rec_21,Commitment,Commitment,Neutral,,,,needs_review,high,General → Misc,-0.0143524631857872,0.0,,
a28_a3e264848582,Indonet-Annual-Report-2022_pdf/batch_6/rec_1,Outcome,Commitment,Neutral,,,,needs_review,high,Environmental → Energy Efficiency; General → Misc,0.0057167680934071,0.0,,
a28_b64ebb9b779c,Indonet-Annual-Report-2022_pdf/batch_7/rec_1,Outcome,Commitment,Neutral,,,,needs_review,high,Environmental → Energy Efficiency; General → Misc,0.002940259873867,0.0,,
a28_4cf02ce97e62,Indonet-Annual-Report-2022_pdf/batch_8/rec_1,Outcome,Commitment,Neutral,,,,needs_review,high,Environmental → Energy Efficiency; General → Misc,0.0604788064956665,0.0,,
a28_bc7af9324a82,Indonet-Annual-Report-2022_pdf/batch_9/rec_1,Outcome,Commitment,Neutral,,,,needs_review,high,Environmental → Energy Efficiency; General → Misc,-0.040458682924509,0.0,,
a28_d29fc8280a93,Indonet-Annual-Report-2022_pdf/batch_10/rec_1,Outcome,Commitment,Neutral,,,,needs_review,high,Environmental → Energy Efficiency; General → Misc,0.0235563162714242,0.0,,
a28_56994698d3ca,Indonet-Annual-Report-2022_pdf/batch_11/rec_2,Outcome,Commitment,Neutral,,,,needs_review,high,Environmental → Energy Efficiency; General → Misc,0.0050205709412693,0.0,,
a28_6f2ac1272a1e,Indonet-Annual-Report-2022_pdf/batch_12/rec_1,Outcome,Commitment,Neutral,,,,needs_review,high,Environmental → Energy Efficiency; General → Misc,-0.0533852130174636,0.0,,
a28_bcc2dcfe60c7,Indonet-Annual-Report-2022_pdf/batch_14/rec_1,Outcome,Commitment,Neutral,,,,needs_review,high,Environmental → Energy Efficiency; General → Misc,-0.0493479743599891,0.0,,
a28_398fce92e09a,Indonet-Annual-Report-2022_pdf/batch_15/rec_2,Outcome,Commitment,Neutral,,,,needs_review,high,Environmental → Energy Efficiency; General → Misc,0.0282309837639331,0.0,,
a28_c27464c51afb,Indonet-Annual-Report-2022_pdf/batch_16/rec_1,Outcome,Commitment,Neutral,,,,needs_review,high,Environmental → Energy Efficiency; General → Misc,-0.0647369772195816,0.0,,
a28_76339345acc5,Indonet-Annual-Report-2022_pdf/batch_17/rec_1,Outcome,Commitment,Neutral,,,,needs_review,high,Environmental → Energy Efficiency; General → Misc,0.0094111263751983,0.0,,
a28_6c852138965b,Indonet-Annual-Report-2022_pdf/batch_18/rec_1,Outcome,Commitment,Neutral,,,,needs_review,high,Environmental → Energy Efficiency; General → Misc,-0.0366196222603321,0.0,,
