job_id,status,completed,total,failed,skipped,progress_pct,document,updated_at
llm_bg_20260511T152142Z_b64670,unknown,0,0,0,0,0.0,,
llm_bg_action_20260519T075103Z_caf49b,unknown,0,0,0,0,0.0,,
llm_bg_action_20260519T075211Z_c61518,unknown,0,0,0,0,0.0,,
llm_bg_action_20260519T075240Z_95ec2e,unknown,0,0,0,0,0.0,,
llm_bg_action_20260519T205042Z_ed0875,unknown,0,0,0,0,0.0,,
llm_bg_action_20260519T205831Z_cb9d9f,unknown,0,0,0,0,0.0,,
llm_bg_action_20260519T205901Z_9fc259,unknown,0,0,0,0,0.0,,
llm_bg_action_20260519T205923Z_6eca10,unknown,0,0,0,0,0.0,,
llm_bg_action_20260519T210244Z_c9669e,unknown,0,0,0,0,0.0,,
llm_bg_action_20260519T210251Z_28b6e3,unknown,0,0,0,0,0.0,,
llm_bg_action_20260520T130315Z_fd76bd,unknown,0,0,0,0,0.0,,
llm_processing_bg_20260511T233421Z_b3baf2,unknown,0,0,0,0,0.0,,
llm_processing_bg_20260512T045837Z_84d3c0,unknown,0,0,0,0,0.0,,
llm_processing_bg_20260512T045954Z_307759,unknown,0,0,0,0,0.0,,
llm_processing_bg_20260512T050110Z_4be430,unknown,0,0,0,0,0.0,,
llm_processing_bg_20260512T051154Z_4b550e,unknown,0,0,0,0,0.0,,
llm_processing_bg_20260512T051424Z_d40541,unknown,0,0,0,0,0.0,,
llm_processing_bg_20260512T051518Z_d9b811,unknown,0,0,0,0,0.0,,
llm_processing_bg_20260512T051530Z_2ab81e,unknown,0,0,0,0,0.0,,
llm_processing_bg_20260512T051551Z_c3b12a,unknown,0,0,0,0,0.0,,
llm_processing_bg_20260512T051607Z_585f1e,unknown,0,0,0,0,0.0,,
llm_processing_bg_20260512T051616Z_537e84,unknown,0,0,0,0,0.0,,
llm_processing_bg_20260512T051624Z_b57d0f,unknown,0,0,0,0,0.0,,
llm_processing_bg_20260512T060436Z_bd8b10,unknown,0,0,0,0,0.0,,
llm_processing_bg_20260512T060457Z_d01c31,unknown,0,0,0,0,0.0,,
llm_processing_bg_20260512T060513Z_27f7cd,unknown,0,0,0,0,0.0,,
llm_processing_bg_20260512T060524Z_3727fe,unknown,0,0,0,0,0.0,,
llm_processing_bg_20260512T074120Z_31ed7d,unknown,0,0,0,0,0.0,,
llm_processing_bg_20260512T074348Z_2095f5,unknown,0,0,0,0,0.0,,
llm_processing_bg_20260512T074353Z_82fa90,unknown,0,0,0,0,0.0,,
llm_processing_bg_20260512T074404Z_7f9922,unknown,0,0,0,0,0.0,,
llm_processing_bg_20260512T074419Z_6f8f3a,unknown,0,0,0,0,0.0,,
llm_processing_bg_20260512T074437Z_fa14f0,unknown,0,0,0,0,0.0,,
llm_processing_bg_20260512T074447Z_88c618,unknown,0,0,0,0,0.0,,
llm_processing_bg_20260512T074520Z_60a6d7,unknown,0,0,0,0,0.0,,
llm_processing_bg_20260512T074529Z_0f1032,unknown,0,0,0,0,0.0,,
llm_processing_bg_20260512T074542Z_f7cbae,unknown,0,0,0,0,0.0,,
llm_processing_bg_20260512T074558Z_d92aae,unknown,0,0,0,0,0.0,,
llm_processing_bg_20260512T074603Z_379460,unknown,0,0,0,0,0.0,,
llm_processing_bg_20260512T074611Z_1ced2d,unknown,0,0,0,0,0.0,,
llm_processing_bg_20260512T074617Z_4bc5f1,unknown,0,0,0,0,0.0,,
llm_processing_bg_20260512T074623Z_f5a620,unknown,0,0,0,0,0.0,,
llm_processing_bg_20260512T074632Z_967f95,unknown,0,0,0,0,0.0,,
llm_processing_bg_20260512T074643Z_6ff8ff,unknown,0,0,0,0,0.0,,
llm_processing_bg_20260512T074648Z_5233e9,unknown,0,0,0,0,0.0,,
llm_processing_bg_20260512T074652Z_3c3ba0,unknown,0,0,0,0,0.0,,
llm_processing_bg_20260512T074759Z_5c716e,unknown,0,0,0,0,0.0,,
llm_processing_bg_20260512T074803Z_5a2324,unknown,0,0,0,0,0.0,,
llm_processing_bg_20260512T074819Z_afff1f,unknown,0,0,0,0,0.0,,
llm_processing_bg_20260512T074823Z_9cc436,unknown,0,0,0,0,0.0,,
llm_processing_bg_20260512T074835Z_c8cd31,unknown,0,0,0,0,0.0,,
llm_processing_bg_20260512T074841Z_8976cd,unknown,0,0,0,0,0.0,,
llm_processing_bg_20260512T122206Z_a2c3f8,unknown,0,0,0,0,0.0,,
llm_processing_bg_20260512T122309Z_ce1d9b,unknown,0,0,0,0,0.0,,
llm_processing_bg_20260512T122317Z_7d4ae6,unknown,0,0,0,0,0.0,,
llm_processing_bg_20260512T122324Z_216054,unknown,0,0,0,0,0.0,,
llm_processing_bg_20260512T122538Z_cff19e,unknown,0,0,0,0,0.0,,
llm_processing_bg_20260512T123010Z_d98fc5,unknown,0,0,0,0,0.0,,
llm_processing_bg_20260512T123016Z_b81190,unknown,0,0,0,0,0.0,,
llm_processing_bg_20260512T123228Z_2c1da6,unknown,0,0,0,0,0.0,,
llm_processing_bg_20260512T123232Z_b28e38,unknown,0,0,0,0,0.0,,
llm_processing_bg_20260513T010812Z_a41f6b,unknown,0,0,0,0,0.0,,
llm_processing_bg_20260513T010816Z_b08ced,unknown,0,0,0,0,0.0,,
llm_processing_bg_20260513T010819Z_04fe26,unknown,0,0,0,0,0.0,,
llm_processing_bg_20260513T010832Z_3009dd,unknown,0,0,0,0,0.0,,
llm_processing_bg_20260513T010840Z_c3c4da,unknown,0,0,0,0,0.0,,
llm_processing_bg_20260513T010845Z_308d49,unknown,0,0,0,0,0.0,,
llm_processing_bg_20260513T010924Z_843fe7,unknown,0,0,0,0,0.0,,
llm_processing_bg_20260513T010938Z_f1150f,unknown,0,0,0,0,0.0,,
llm_processing_bg_20260513T011204Z_140a08,unknown,0,0,0,0,0.0,,
llm_processing_bg_20260513T011248Z_3222fa,unknown,0,0,0,0,0.0,,
llm_processing_bg_20260513T011252Z_eb137f,unknown,0,0,0,0,0.0,,
llm_processing_bg_20260513T011337Z_cf3ba7,unknown,0,0,0,0,0.0,,
llm_processing_bg_20260513T011343Z_4221c4,unknown,0,0,0,0,0.0,,
llm_processing_bg_20260513T011415Z_6e56b1,unknown,0,0,0,0,0.0,,
llm_processing_bg_20260513T011419Z_498010,unknown,0,0,0,0,0.0,,
llm_processing_bg_20260513T012019Z_f98e31,unknown,0,0,0,0,0.0,,
llm_processing_bg_20260513T012022Z_5d4c8f,unknown,0,0,0,0,0.0,,
llm_processing_bg_20260513T012300Z_61d2c6,unknown,0,0,0,0,0.0,,
llm_processing_bg_20260513T012303Z_5c8f41,unknown,0,0,0,0,0.0,,
llm_processing_bg_20260513T012324Z_c27f18,unknown,0,0,0,0,0.0,,
llm_processing_bg_20260513T012327Z_d59d8f,unknown,0,0,0,0,0.0,,
llm_processing_bg_20260513T012340Z_208187,unknown,0,0,0,0,0.0,,
llm_processing_bg_20260513T012344Z_ef8803,unknown,0,0,0,0,0.0,,
llm_processing_bg_20260513T012358Z_5cbb31,unknown,0,0,0,0,0.0,,
llm_processing_bg_20260513T012408Z_2f6b39,unknown,0,0,0,0,0.0,,
llm_processing_bg_20260513T012456Z_8b96ce,unknown,0,0,0,0,0.0,,
llm_processing_bg_20260513T012509Z_ecc17c,unknown,0,0,0,0,0.0,,
llm_processing_bg_20260513T012512Z_2912fb,unknown,0,0,0,0,0.0,,
llm_processing_bg_20260516T084845Z_c59a57,unknown,0,0,0,0,0.0,,
llm_processing_bg_20260516T084910Z_f010e3,unknown,0,0,0,0,0.0,,
llm_processing_bg_20260516T085020Z_77cb2d,unknown,0,0,0,0,0.0,,
llm_processing_bg_20260516T085301Z_2e4d7e,unknown,0,0,0,0,0.0,,
llm_processing_bg_20260516T085308Z_40515f,unknown,0,0,0,0,0.0,,
llm_processing_bg_20260516T085317Z_2fae5e,unknown,0,0,0,0,0.0,,
llm_processing_bg_20260516T151107Z_fc064f,unknown,0,0,0,0,0.0,,
llm_processing_bg_20260516T151217Z_2ab723,unknown,0,0,0,0,0.0,,
llm_processing_bg_20260516T151445Z_a20a96,unknown,0,0,0,0,0.0,,
llm_processing_bg_20260516T151537Z_09cb22,unknown,0,0,0,0,0.0,,
llm_processing_bg_20260516T151547Z_199f55,unknown,0,0,0,0,0.0,,
llm_processing_bg_20260516T152552Z_ed8476,unknown,0,0,0,0,0.0,,
llm_processing_bg_20260516T152601Z_0ffea3,unknown,0,0,0,0,0.0,,
llm_processing_bg_20260516T152702Z_83ac63,unknown,0,0,0,0,0.0,,
llm_processing_bg_20260516T152718Z_ee9179,unknown,0,0,0,0,0.0,,
llm_processing_bg_20260516T152734Z_362cdb,unknown,0,0,0,0,0.0,,
llm_processing_bg_20260516T152945Z_24f579,unknown,0,0,0,0,0.0,,
llm_processing_bg_20260516T153003Z_02486a,unknown,0,0,0,0,0.0,,
llm_processing_bg_20260516T153232Z_9206a8,unknown,0,0,0,0,0.0,,
llm_processing_bg_20260516T153557Z_1b3da4,unknown,0,0,0,0,0.0,,
llm_processing_bg_20260516T153631Z_eb0fb3,unknown,0,0,0,0,0.0,,
llm_processing_bg_20260516T153722Z_31cc81,unknown,0,0,0,0,0.0,,
llm_processing_bg_20260516T153820Z_cf2e9d,unknown,0,0,0,0,0.0,,
llm_processing_bg_20260516T153839Z_63dc2d,unknown,0,0,0,0,0.0,,
llm_processing_bg_20260516T153853Z_239026,unknown,0,0,0,0,0.0,,
llm_processing_bg_20260516T154037Z_ce6bdf,unknown,0,0,0,0,0.0,,
llm_processing_bg_20260516T154347Z_e316fc,unknown,0,0,0,0,0.0,,
llm_processing_bg_20260516T154405Z_bebf8e,unknown,0,0,0,0,0.0,,
llm_processing_bg_20260516T155243Z_46b02d,unknown,0,0,0,0,0.0,,
llm_processing_bg_20260516T155321Z_752063,unknown,0,0,0,0,0.0,,
llm_processing_bg_20260516T155407Z_8b90e5,unknown,0,0,0,0,0.0,,
llm_processing_bg_20260516T155454Z_27c0b5,unknown,0,0,0,0,0.0,,
llm_processing_bg_20260516T155507Z_409f0a,unknown,0,0,0,0,0.0,,
llm_processing_bg_20260516T155527Z_5dbbd3,unknown,0,0,0,0,0.0,,
llm_processing_bg_20260516T155845Z_0d0411,unknown,0,0,0,0,0.0,,
llm_processing_bg_20260516T155857Z_afe8a8,unknown,0,0,0,0,0.0,,
llm_processing_bg_20260516T155919Z_a4f165,unknown,0,0,0,0,0.0,,
llm_processing_bg_20260516T162906Z_ee2eb9,unknown,0,0,0,0,0.0,,
llm_processing_bg_20260516T162907Z_304d69,unknown,0,0,0,0,0.0,,
llm_processing_bg_20260516T162944Z_1e7f5e,unknown,0,0,0,0,0.0,,
llm_processing_bg_20260516T163025Z_748808,unknown,0,0,0,0,0.0,,
llm_processing_bg_20260516T163107Z_6414ce,unknown,0,0,0,0,0.0,,
llm_processing_bg_20260516T163135Z_e40e78,unknown,0,0,0,0,0.0,,
llm_processing_bg_20260517T010606Z_66ca1a,unknown,0,0,0,0,0.0,,
llm_processing_bg_20260517T010621Z_d9fa4e,unknown,0,0,0,0,0.0,,
llm_processing_bg_20260517T010648Z_371547,unknown,0,0,0,0,0.0,,
llm_processing_bg_20260517T010701Z_814d46,unknown,0,0,0,0,0.0,,
llm_processing_bg_20260517T010848Z_604700,unknown,0,0,0,0,0.0,,
llm_processing_bg_20260517T010903Z_f4661f,unknown,0,0,0,0,0.0,,
llm_processing_bg_20260517T010916Z_7110ff,unknown,0,0,0,0,0.0,,
llm_processing_bg_20260517T011231Z_2db68a,unknown,0,0,0,0,0.0,,
llm_processing_bg_20260517T011306Z_cf4c84,unknown,0,0,0,0,0.0,,
llm_processing_bg_20260517T011321Z_5424a6,unknown,0,0,0,0,0.0,,
llm_processing_bg_20260517T011412Z_6700d3,unknown,0,0,0,0,0.0,,
llm_processing_bg_20260517T011433Z_bebdc4,unknown,0,0,0,0,0.0,,
llm_processing_bg_20260517T011448Z_ec53cc,unknown,0,0,0,0,0.0,,
llm_processing_bg_20260517T055040Z_a2f70f,unknown,0,0,0,0,0.0,,
llm_processing_bg_20260517T055208Z_2b16c3,unknown,0,0,0,0,0.0,,
llm_processing_bg_20260517T055230Z_2f49b9,unknown,0,0,0,0,0.0,,
llm_processing_bg_20260517T055346Z_882873,unknown,0,0,0,0,0.0,,
llm_processing_bg_20260517T055430Z_a3bfa6,unknown,0,0,0,0,0.0,,
llm_processing_bg_20260517T055913Z_fec288,unknown,0,0,0,0,0.0,,
llm_processing_bg_20260517T055935Z_952657,unknown,0,0,0,0,0.0,,
llm_processing_bg_20260517T055949Z_be56e2,unknown,0,0,0,0,0.0,,
llm_processing_bg_20260517T060352Z_4430ca,unknown,0,0,0,0,0.0,,
llm_processing_bg_20260517T060429Z_fe6718,unknown,0,0,0,0,0.0,,
llm_processing_bg_20260517T060444Z_2c06d2,unknown,0,0,0,0,0.0,,
llm_processing_bg_20260603T084929Z_42497c,unknown,0,0,0,0,0.0,,
llm_processing_bg_20260603T084934Z_38ed85,unknown,0,0,0,0,0.0,,
llm_processing_bg_20260603T084938Z_3cb606,unknown,0,0,0,0,0.0,,
llm_processing_bg_20260603T092411Z_976254,unknown,0,0,0,0,0.0,,
llm_processing_bg_20260603T092455Z_cd9727,unknown,0,0,0,0,0.0,,
llm_processing_bg_20260603T095547Z_e2299e,unknown,0,0,0,0,0.0,,
llm_processing_bg_20260603T095644Z_065fec,unknown,0,0,0,0,0.0,,
llm_processing_bg_20260603T095708Z_ecff61,unknown,0,0,0,0,0.0,,
llm_processing_bg_20260603T095741Z_d40911,unknown,0,0,0,0,0.0,,
llm_processing_bg_20260603T170635Z_cb5be6,unknown,0,0,0,0,0.0,,
llm_processing_bg_20260603T170916Z_ba9aed,unknown,0,0,0,0,0.0,,
llm_processing_bg_20260603T171041Z_63bd5c,unknown,0,0,0,0,0.0,,
llm_processing_bg_20260603T171548Z_c05815,unknown,0,0,0,0,0.0,,
llm_processing_bg_20260603T171649Z_2b81b8,unknown,0,0,0,0,0.0,,
llm_processing_bg_20260603T171725Z_9f6a77,unknown,0,0,0,0,0.0,,
llm_processing_bg_20260603T171758Z_759293,unknown,0,0,0,0,0.0,,
llm_processing_bg_20260603T171821Z_874d49,unknown,0,0,0,0,0.0,,
llm_processing_bg_20260603T172716Z_5a0fb1,unknown,0,0,0,0,0.0,,
llm_processing_bg_20260603T172746Z_6309f6,unknown,0,0,0,0,0.0,,
llm_processing_bg_20260603T172812Z_c76ce5,unknown,0,0,0,0,0.0,,
llm_processing_bg_20260603T172832Z_ca9c69,unknown,0,0,0,0,0.0,,
llm_processing_bg_20260603T172931Z_add052,unknown,0,0,0,0,0.0,,
llm_processing_bg_20260603T182953Z_ca35bb,unknown,0,0,0,0,0.0,,
llm_processing_bg_20260603T183145Z_dc6914,unknown,0,0,0,0,0.0,,
llm_processing_bg_20260603T183540Z_b887c4,unknown,0,0,0,0,0.0,,
llm_processing_bg_20260603T183612Z_7ed063,unknown,0,0,0,0,0.0,,
llm_processing_bg_20260603T183739Z_855dc4,unknown,0,0,0,0,0.0,,
llm_processing_bg_20260603T183758Z_e1dbe3,unknown,0,0,0,0,0.0,,
