text,true_labels,true_esg,true_sentiment,absa_sentiment,absa_aspects,bench_label,bench_sent,final_label_pred,final_sentiment_pred,bench_controversy-bert,bench_netzero-reduction,bench_transition-physical,bench_renewable,bench_climate-detector,bench_climate-commitment,bench_climate-tcfd,bench_climate-s,bench_climate-specificity,bench_climate-sentiment,bench_environmental-claims,bench_climate-f,bench_controversy-classification,bench_econbert,bench_climate-d-s,bench_climate-d
,[],,,none,[],"[""Error: Could not load model climatebert/ClimateControversyBERT_classification with any of the following classes: (<class 'transformers.models.auto.modeling_auto.AutoModelForSequenceClassification'>"", '). See the original errors:\n\nwhile loading with AutoModelForSequenceClassification', 'an error is thrown:\nTraceback (most recent call last):\n  File ""/usr/local/lib/python3.10/site-packages/transformers/pipelines/base.py""', 'line 293', 'in infer_framework_load_model\n    model = model_class.from_pretrained(model', '**kwargs)\n  File ""/usr/local/lib/python3.10/site-packages/transformers/models/auto/auto_factory.py""', 'line 604', 'in from_pretrained\n    return model_class.from_pretrained(\n  File ""/usr/local/lib/python3.10/site-packages/transformers/modeling_utils.py""', 'line 288', 'in _wrapper\n    return func(*args', '**kwargs)\n  File ""/usr/local/lib/python3.10/site-packages/transformers/modeling_utils.py""', 'line 5030', 'in from_pretrained\n    checkpoint_files', 'sharded_metadata = _get_resolved_checkpoint_files(\n  File ""/usr/local/lib/python3.10/site-packages/transformers/modeling_utils.py""', 'line 1256', 'in _get_resolved_checkpoint_files\n    raise OSError(\nOSError: climatebert/ClimateControversyBERT_classification does not appear to have a file named pytorch_model.bin', 'model.safetensors', 'tf_model.h5', 'model.ckpt or flax_model.msgpack.\n\nDuring handling of the above exception', 'another exception occurred:\n\nTraceback (most recent call last):\n  File ""/usr/local/lib/python3.10/site-packages/transformers/pipelines/base.py""', 'line 311', 'in infer_framework_load_model\n    model = model_class.from_pretrained(model', '**fp32_kwargs)\n  File ""/usr/local/lib/python3.10/site-packages/transformers/models/auto/auto_factory.py""', 'line 604', 'in from_pretrained\n    return model_class.from_pretrained(\n  File ""/usr/local/lib/python3.10/site-packages/transformers/modeling_utils.py""', 'line 288', 'in _wrapper\n    return func(*args', '**kwargs)\n  File ""/usr/local/lib/python3.10/site-packages/transformers/modeling_utils.py""', 'line 5030', 'in from_pretrained\n    checkpoint_files', 'sharded_metadata = _get_resolved_checkpoint_files(\n  File ""/usr/local/lib/python3.10/site-packages/transformers/modeling_utils.py""', 'line 1256', 'in _get_resolved_checkpoint_files\n    raise OSError(\nOSError: climatebert/ClimateControversyBERT_classification does not appear to have a file named pytorch_model.bin', 'model.safetensors', 'tf_model.h5', 'model.ckpt or flax_model.msgpack.\n\n\n (Check input length or model card for details).']","Predictions for 'With Covid-19 pandemic which also impacted on
Perm...':
opportunity: 0.97","**kwargs)
  File ""/usr/local/lib/python3.10/site-packages/transformers/modeling_utils.py""","Predictions for 'With Covid-19 pandemic which also impacted on
Perm...':
opportunity: 0.97","Error: Could not load model climatebert/ClimateControversyBert with any of the following classes: (<class 'transformers.models.auto.modeling_auto.AutoModelForSequenceClassification'>,). See the original errors:

while loading with AutoModelForSequenceClassification, an error is thrown:
Traceback (most recent call last):
  File ""/usr/local/lib/python3.10/site-packages/transformers/pipelines/base.py"", line 293, in infer_framework_load_model
    model = model_class.from_pretrained(model, **kwargs)
  File ""/usr/local/lib/python3.10/site-packages/transformers/models/auto/auto_factory.py"", line 604, in from_pretrained
    return model_class.from_pretrained(
  File ""/usr/local/lib/python3.10/site-packages/transformers/modeling_utils.py"", line 288, in _wrapper
    return func(*args, **kwargs)
  File ""/usr/local/lib/python3.10/site-packages/transformers/modeling_utils.py"", line 5030, in from_pretrained
    checkpoint_files, sharded_metadata = _get_resolved_checkpoint_files(
  File ""/usr/local/lib/python3.10/site-packages/transformers/modeling_utils.py"", line 1256, in _get_resolved_checkpoint_files
    raise OSError(
OSError: climatebert/ClimateControversyBert does not appear to have a file named pytorch_model.bin, model.safetensors, tf_model.h5, model.ckpt or flax_model.msgpack.

During handling of the above exception, another exception occurred:

Traceback (most recent call last):
  File ""/usr/local/lib/python3.10/site-packages/transformers/pipelines/base.py"", line 311, in infer_framework_load_model
    model = model_class.from_pretrained(model, **fp32_kwargs)
  File ""/usr/local/lib/python3.10/site-packages/transformers/models/auto/auto_factory.py"", line 604, in from_pretrained
    return model_class.from_pretrained(
  File ""/usr/local/lib/python3.10/site-packages/transformers/modeling_utils.py"", line 288, in _wrapper
    return func(*args, **kwargs)
  File ""/usr/local/lib/python3.10/site-packages/transformers/modeling_utils.py"", line 5030, in from_pretrained
    checkpoint_files, sharded_metadata = _get_resolved_checkpoint_files(
  File ""/usr/local/lib/python3.10/site-packages/transformers/modeling_utils.py"", line 1256, in _get_resolved_checkpoint_files
    raise OSError(
OSError: climatebert/ClimateControversyBert does not appear to have a file named pytorch_model.bin, model.safetensors, tf_model.h5, model.ckpt or flax_model.msgpack.


 (Check input length or model card for details).","Predictions for 'With Covid-19 pandemic which also impacted on
Perm...':
none: 1.00","Error: 
 requires the protobuf library but it was not found in your environment. Check out the instructions on the
installation page of its repo: https://github.com/protocolbuffers/protobuf/tree/master/python#installation and follow the ones
that match your environment. Please note that you may need to restart your runtime after installation.
 (Check input length or model card for details).","Error: 
 requires the protobuf library but it was not found in your environment. Check out the instructions on the
installation page of its repo: https://github.com/protocolbuffers/protobuf/tree/master/python#installation and follow the ones
that match your environment. Please note that you may need to restart your runtime after installation.
 (Check input length or model card for details).","Predictions for 'With Covid-19 pandemic which also impacted on
Perm...':
yes: 1.00","Predictions for 'With Covid-19 pandemic which also impacted on
Perm...':
yes: 0.97","Predictions for 'With Covid-19 pandemic which also impacted on
Perm...':
strategy: 0.93","Predictions for 'With Covid-19 pandemic which also impacted on
Perm...':
LABEL_1: 0.52","Predictions for 'With Covid-19 pandemic which also impacted on
Perm...':
spec: 0.82","Predictions for 'With Covid-19 pandemic which also impacted on
Perm...':
opportunity: 0.97","Predictions for 'With Covid-19 pandemic which also impacted on
Perm...':
no: 1.00","Predictions for 'With Covid-19 pandemic which also impacted on
Perm...':
LABEL_0: 0.50","Error: Could not load model climatebert/ClimateControversyBERT_classification with any of the following classes: (<class 'transformers.models.auto.modeling_auto.AutoModelForSequenceClassification'>,). See the original errors:

while loading with AutoModelForSequenceClassification, an error is thrown:
Traceback (most recent call last):
  File ""/usr/local/lib/python3.10/site-packages/transformers/pipelines/base.py"", line 293, in infer_framework_load_model
    model = model_class.from_pretrained(model, **kwargs)
  File ""/usr/local/lib/python3.10/site-packages/transformers/models/auto/auto_factory.py"", line 604, in from_pretrained
    return model_class.from_pretrained(
  File ""/usr/local/lib/python3.10/site-packages/transformers/modeling_utils.py"", line 288, in _wrapper
    return func(*args, **kwargs)
  File ""/usr/local/lib/python3.10/site-packages/transformers/modeling_utils.py"", line 5030, in from_pretrained
    checkpoint_files, sharded_metadata = _get_resolved_checkpoint_files(
  File ""/usr/local/lib/python3.10/site-packages/transformers/modeling_utils.py"", line 1256, in _get_resolved_checkpoint_files
    raise OSError(
OSError: climatebert/ClimateControversyBERT_classification does not appear to have a file named pytorch_model.bin, model.safetensors, tf_model.h5, model.ckpt or flax_model.msgpack.

During handling of the above exception, another exception occurred:

Traceback (most recent call last):
  File ""/usr/local/lib/python3.10/site-packages/transformers/pipelines/base.py"", line 311, in infer_framework_load_model
    model = model_class.from_pretrained(model, **fp32_kwargs)
  File ""/usr/local/lib/python3.10/site-packages/transformers/models/auto/auto_factory.py"", line 604, in from_pretrained
    return model_class.from_pretrained(
  File ""/usr/local/lib/python3.10/site-packages/transformers/modeling_utils.py"", line 288, in _wrapper
    return func(*args, **kwargs)
  File ""/usr/local/lib/python3.10/site-packages/transformers/modeling_utils.py"", line 5030, in from_pretrained
    checkpoint_files, sharded_metadata = _get_resolved_checkpoint_files(
  File ""/usr/local/lib/python3.10/site-packages/transformers/modeling_utils.py"", line 1256, in _get_resolved_checkpoint_files
    raise OSError(
OSError: climatebert/ClimateControversyBERT_classification does not appear to have a file named pytorch_model.bin, model.safetensors, tf_model.h5, model.ckpt or flax_model.msgpack.


 (Check input length or model card for details).","Error: Could not load model climatebert/econbert with any of the following classes: (<class 'transformers.models.auto.modeling_auto.AutoModelForSequenceClassification'>,). See the original errors:

while loading with AutoModelForSequenceClassification, an error is thrown:
Traceback (most recent call last):
  File ""/usr/local/lib/python3.10/site-packages/transformers/pipelines/base.py"", line 293, in infer_framework_load_model
    model = model_class.from_pretrained(model, **kwargs)
  File ""/usr/local/lib/python3.10/site-packages/transformers/models/auto/auto_factory.py"", line 604, in from_pretrained
    return model_class.from_pretrained(
  File ""/usr/local/lib/python3.10/site-packages/transformers/modeling_utils.py"", line 288, in _wrapper
    return func(*args, **kwargs)
  File ""/usr/local/lib/python3.10/site-packages/transformers/modeling_utils.py"", line 5030, in from_pretrained
    checkpoint_files, sharded_metadata = _get_resolved_checkpoint_files(
  File ""/usr/local/lib/python3.10/site-packages/transformers/modeling_utils.py"", line 1256, in _get_resolved_checkpoint_files
    raise OSError(
OSError: climatebert/econbert does not appear to have a file named pytorch_model.bin, model.safetensors, tf_model.h5, model.ckpt or flax_model.msgpack.

During handling of the above exception, another exception occurred:

Traceback (most recent call last):
  File ""/usr/local/lib/python3.10/site-packages/transformers/pipelines/base.py"", line 311, in infer_framework_load_model
    model = model_class.from_pretrained(model, **fp32_kwargs)
  File ""/usr/local/lib/python3.10/site-packages/transformers/models/auto/auto_factory.py"", line 604, in from_pretrained
    return model_class.from_pretrained(
  File ""/usr/local/lib/python3.10/site-packages/transformers/modeling_utils.py"", line 288, in _wrapper
    return func(*args, **kwargs)
  File ""/usr/local/lib/python3.10/site-packages/transformers/modeling_utils.py"", line 5030, in from_pretrained
    checkpoint_files, sharded_metadata = _get_resolved_checkpoint_files(
  File ""/usr/local/lib/python3.10/site-packages/transformers/modeling_utils.py"", line 1256, in _get_resolved_checkpoint_files
    raise OSError(
OSError: climatebert/econbert does not appear to have a file named pytorch_model.bin, model.safetensors, tf_model.h5, model.ckpt or flax_model.msgpack.


 (Check input length or model card for details).","Predictions for 'With Covid-19 pandemic which also impacted on
Perm...':
LABEL_1: 0.50","Predictions for 'With Covid-19 pandemic which also impacted on
Perm...':
LABEL_1: 0.51"
,[],,,none,[],"[""Error: Could not load model climatebert/ClimateControversyBERT_classification with any of the following classes: (<class 'transformers.models.auto.modeling_auto.AutoModelForSequenceClassification'>"", '). See the original errors:\n\nwhile loading with AutoModelForSequenceClassification', 'an error is thrown:\nTraceback (most recent call last):\n  File ""/usr/local/lib/python3.10/site-packages/transformers/pipelines/base.py""', 'line 293', 'in infer_framework_load_model\n    model = model_class.from_pretrained(model', '**kwargs)\n  File ""/usr/local/lib/python3.10/site-packages/transformers/models/auto/auto_factory.py""', 'line 604', 'in from_pretrained\n    return model_class.from_pretrained(\n  File ""/usr/local/lib/python3.10/site-packages/transformers/modeling_utils.py""', 'line 288', 'in _wrapper\n    return func(*args', '**kwargs)\n  File ""/usr/local/lib/python3.10/site-packages/transformers/modeling_utils.py""', 'line 5030', 'in from_pretrained\n    checkpoint_files', 'sharded_metadata = _get_resolved_checkpoint_files(\n  File ""/usr/local/lib/python3.10/site-packages/transformers/modeling_utils.py""', 'line 1256', 'in _get_resolved_checkpoint_files\n    raise OSError(\nOSError: climatebert/ClimateControversyBERT_classification does not appear to have a file named pytorch_model.bin', 'model.safetensors', 'tf_model.h5', 'model.ckpt or flax_model.msgpack.\n\nDuring handling of the above exception', 'another exception occurred:\n\nTraceback (most recent call last):\n  File ""/usr/local/lib/python3.10/site-packages/transformers/pipelines/base.py""', 'line 311', 'in infer_framework_load_model\n    model = model_class.from_pretrained(model', '**fp32_kwargs)\n  File ""/usr/local/lib/python3.10/site-packages/transformers/models/auto/auto_factory.py""', 'line 604', 'in from_pretrained\n    return model_class.from_pretrained(\n  File ""/usr/local/lib/python3.10/site-packages/transformers/modeling_utils.py""', 'line 288', 'in _wrapper\n    return func(*args', '**kwargs)\n  File ""/usr/local/lib/python3.10/site-packages/transformers/modeling_utils.py""', 'line 5030', 'in from_pretrained\n    checkpoint_files', 'sharded_metadata = _get_resolved_checkpoint_files(\n  File ""/usr/local/lib/python3.10/site-packages/transformers/modeling_utils.py""', 'line 1256', 'in _get_resolved_checkpoint_files\n    raise OSError(\nOSError: climatebert/ClimateControversyBERT_classification does not appear to have a file named pytorch_model.bin', 'model.safetensors', 'tf_model.h5', 'model.ckpt or flax_model.msgpack.\n\n\n (Check input length or model card for details).']","Predictions for 'With Covid-19 pandemic which also impacted on
Perm...':
opportunity: 0.97","**kwargs)
  File ""/usr/local/lib/python3.10/site-packages/transformers/modeling_utils.py""","Predictions for 'With Covid-19 pandemic which also impacted on
Perm...':
opportunity: 0.97","Error: Could not load model climatebert/ClimateControversyBert with any of the following classes: (<class 'transformers.models.auto.modeling_auto.AutoModelForSequenceClassification'>,). See the original errors:

while loading with AutoModelForSequenceClassification, an error is thrown:
Traceback (most recent call last):
  File ""/usr/local/lib/python3.10/site-packages/transformers/pipelines/base.py"", line 293, in infer_framework_load_model
    model = model_class.from_pretrained(model, **kwargs)
  File ""/usr/local/lib/python3.10/site-packages/transformers/models/auto/auto_factory.py"", line 604, in from_pretrained
    return model_class.from_pretrained(
  File ""/usr/local/lib/python3.10/site-packages/transformers/modeling_utils.py"", line 288, in _wrapper
    return func(*args, **kwargs)
  File ""/usr/local/lib/python3.10/site-packages/transformers/modeling_utils.py"", line 5030, in from_pretrained
    checkpoint_files, sharded_metadata = _get_resolved_checkpoint_files(
  File ""/usr/local/lib/python3.10/site-packages/transformers/modeling_utils.py"", line 1256, in _get_resolved_checkpoint_files
    raise OSError(
OSError: climatebert/ClimateControversyBert does not appear to have a file named pytorch_model.bin, model.safetensors, tf_model.h5, model.ckpt or flax_model.msgpack.

During handling of the above exception, another exception occurred:

Traceback (most recent call last):
  File ""/usr/local/lib/python3.10/site-packages/transformers/pipelines/base.py"", line 311, in infer_framework_load_model
    model = model_class.from_pretrained(model, **fp32_kwargs)
  File ""/usr/local/lib/python3.10/site-packages/transformers/models/auto/auto_factory.py"", line 604, in from_pretrained
    return model_class.from_pretrained(
  File ""/usr/local/lib/python3.10/site-packages/transformers/modeling_utils.py"", line 288, in _wrapper
    return func(*args, **kwargs)
  File ""/usr/local/lib/python3.10/site-packages/transformers/modeling_utils.py"", line 5030, in from_pretrained
    checkpoint_files, sharded_metadata = _get_resolved_checkpoint_files(
  File ""/usr/local/lib/python3.10/site-packages/transformers/modeling_utils.py"", line 1256, in _get_resolved_checkpoint_files
    raise OSError(
OSError: climatebert/ClimateControversyBert does not appear to have a file named pytorch_model.bin, model.safetensors, tf_model.h5, model.ckpt or flax_model.msgpack.


 (Check input length or model card for details).","Predictions for 'With Covid-19 pandemic which also impacted on
Perm...':
none: 1.00","Error: 
 requires the protobuf library but it was not found in your environment. Check out the instructions on the
installation page of its repo: https://github.com/protocolbuffers/protobuf/tree/master/python#installation and follow the ones
that match your environment. Please note that you may need to restart your runtime after installation.
 (Check input length or model card for details).","Error: 
 requires the protobuf library but it was not found in your environment. Check out the instructions on the
installation page of its repo: https://github.com/protocolbuffers/protobuf/tree/master/python#installation and follow the ones
that match your environment. Please note that you may need to restart your runtime after installation.
 (Check input length or model card for details).","Predictions for 'With Covid-19 pandemic which also impacted on
Perm...':
yes: 1.00","Predictions for 'With Covid-19 pandemic which also impacted on
Perm...':
yes: 0.97","Predictions for 'With Covid-19 pandemic which also impacted on
Perm...':
strategy: 0.93","Predictions for 'With Covid-19 pandemic which also impacted on
Perm...':
LABEL_1: 0.52","Predictions for 'With Covid-19 pandemic which also impacted on
Perm...':
spec: 0.82","Predictions for 'With Covid-19 pandemic which also impacted on
Perm...':
opportunity: 0.97","Predictions for 'With Covid-19 pandemic which also impacted on
Perm...':
no: 1.00","Predictions for 'With Covid-19 pandemic which also impacted on
Perm...':
LABEL_0: 0.50","Error: Could not load model climatebert/ClimateControversyBERT_classification with any of the following classes: (<class 'transformers.models.auto.modeling_auto.AutoModelForSequenceClassification'>,). See the original errors:

while loading with AutoModelForSequenceClassification, an error is thrown:
Traceback (most recent call last):
  File ""/usr/local/lib/python3.10/site-packages/transformers/pipelines/base.py"", line 293, in infer_framework_load_model
    model = model_class.from_pretrained(model, **kwargs)
  File ""/usr/local/lib/python3.10/site-packages/transformers/models/auto/auto_factory.py"", line 604, in from_pretrained
    return model_class.from_pretrained(
  File ""/usr/local/lib/python3.10/site-packages/transformers/modeling_utils.py"", line 288, in _wrapper
    return func(*args, **kwargs)
  File ""/usr/local/lib/python3.10/site-packages/transformers/modeling_utils.py"", line 5030, in from_pretrained
    checkpoint_files, sharded_metadata = _get_resolved_checkpoint_files(
  File ""/usr/local/lib/python3.10/site-packages/transformers/modeling_utils.py"", line 1256, in _get_resolved_checkpoint_files
    raise OSError(
OSError: climatebert/ClimateControversyBERT_classification does not appear to have a file named pytorch_model.bin, model.safetensors, tf_model.h5, model.ckpt or flax_model.msgpack.

During handling of the above exception, another exception occurred:

Traceback (most recent call last):
  File ""/usr/local/lib/python3.10/site-packages/transformers/pipelines/base.py"", line 311, in infer_framework_load_model
    model = model_class.from_pretrained(model, **fp32_kwargs)
  File ""/usr/local/lib/python3.10/site-packages/transformers/models/auto/auto_factory.py"", line 604, in from_pretrained
    return model_class.from_pretrained(
  File ""/usr/local/lib/python3.10/site-packages/transformers/modeling_utils.py"", line 288, in _wrapper
    return func(*args, **kwargs)
  File ""/usr/local/lib/python3.10/site-packages/transformers/modeling_utils.py"", line 5030, in from_pretrained
    checkpoint_files, sharded_metadata = _get_resolved_checkpoint_files(
  File ""/usr/local/lib/python3.10/site-packages/transformers/modeling_utils.py"", line 1256, in _get_resolved_checkpoint_files
    raise OSError(
OSError: climatebert/ClimateControversyBERT_classification does not appear to have a file named pytorch_model.bin, model.safetensors, tf_model.h5, model.ckpt or flax_model.msgpack.


 (Check input length or model card for details).","Error: Could not load model climatebert/econbert with any of the following classes: (<class 'transformers.models.auto.modeling_auto.AutoModelForSequenceClassification'>,). See the original errors:

while loading with AutoModelForSequenceClassification, an error is thrown:
Traceback (most recent call last):
  File ""/usr/local/lib/python3.10/site-packages/transformers/pipelines/base.py"", line 293, in infer_framework_load_model
    model = model_class.from_pretrained(model, **kwargs)
  File ""/usr/local/lib/python3.10/site-packages/transformers/models/auto/auto_factory.py"", line 604, in from_pretrained
    return model_class.from_pretrained(
  File ""/usr/local/lib/python3.10/site-packages/transformers/modeling_utils.py"", line 288, in _wrapper
    return func(*args, **kwargs)
  File ""/usr/local/lib/python3.10/site-packages/transformers/modeling_utils.py"", line 5030, in from_pretrained
    checkpoint_files, sharded_metadata = _get_resolved_checkpoint_files(
  File ""/usr/local/lib/python3.10/site-packages/transformers/modeling_utils.py"", line 1256, in _get_resolved_checkpoint_files
    raise OSError(
OSError: climatebert/econbert does not appear to have a file named pytorch_model.bin, model.safetensors, tf_model.h5, model.ckpt or flax_model.msgpack.

During handling of the above exception, another exception occurred:

Traceback (most recent call last):
  File ""/usr/local/lib/python3.10/site-packages/transformers/pipelines/base.py"", line 311, in infer_framework_load_model
    model = model_class.from_pretrained(model, **fp32_kwargs)
  File ""/usr/local/lib/python3.10/site-packages/transformers/models/auto/auto_factory.py"", line 604, in from_pretrained
    return model_class.from_pretrained(
  File ""/usr/local/lib/python3.10/site-packages/transformers/modeling_utils.py"", line 288, in _wrapper
    return func(*args, **kwargs)
  File ""/usr/local/lib/python3.10/site-packages/transformers/modeling_utils.py"", line 5030, in from_pretrained
    checkpoint_files, sharded_metadata = _get_resolved_checkpoint_files(
  File ""/usr/local/lib/python3.10/site-packages/transformers/modeling_utils.py"", line 1256, in _get_resolved_checkpoint_files
    raise OSError(
OSError: climatebert/econbert does not appear to have a file named pytorch_model.bin, model.safetensors, tf_model.h5, model.ckpt or flax_model.msgpack.


 (Check input length or model card for details).","Predictions for 'With Covid-19 pandemic which also impacted on
Perm...':
LABEL_1: 0.50","Predictions for 'With Covid-19 pandemic which also impacted on
Perm...':
LABEL_1: 0.51"
,[],,,none,[],"[""Error: Could not load model climatebert/ClimateControversyBERT_classification with any of the following classes: (<class 'transformers.models.auto.modeling_auto.AutoModelForSequenceClassification'>"", '). See the original errors:\n\nwhile loading with AutoModelForSequenceClassification', 'an error is thrown:\nTraceback (most recent call last):\n  File ""/usr/local/lib/python3.10/site-packages/transformers/pipelines/base.py""', 'line 293', 'in infer_framework_load_model\n    model = model_class.from_pretrained(model', '**kwargs)\n  File ""/usr/local/lib/python3.10/site-packages/transformers/models/auto/auto_factory.py""', 'line 604', 'in from_pretrained\n    return model_class.from_pretrained(\n  File ""/usr/local/lib/python3.10/site-packages/transformers/modeling_utils.py""', 'line 288', 'in _wrapper\n    return func(*args', '**kwargs)\n  File ""/usr/local/lib/python3.10/site-packages/transformers/modeling_utils.py""', 'line 5030', 'in from_pretrained\n    checkpoint_files', 'sharded_metadata = _get_resolved_checkpoint_files(\n  File ""/usr/local/lib/python3.10/site-packages/transformers/modeling_utils.py""', 'line 1256', 'in _get_resolved_checkpoint_files\n    raise OSError(\nOSError: climatebert/ClimateControversyBERT_classification does not appear to have a file named pytorch_model.bin', 'model.safetensors', 'tf_model.h5', 'model.ckpt or flax_model.msgpack.\n\nDuring handling of the above exception', 'another exception occurred:\n\nTraceback (most recent call last):\n  File ""/usr/local/lib/python3.10/site-packages/transformers/pipelines/base.py""', 'line 311', 'in infer_framework_load_model\n    model = model_class.from_pretrained(model', '**fp32_kwargs)\n  File ""/usr/local/lib/python3.10/site-packages/transformers/models/auto/auto_factory.py""', 'line 604', 'in from_pretrained\n    return model_class.from_pretrained(\n  File ""/usr/local/lib/python3.10/site-packages/transformers/modeling_utils.py""', 'line 288', 'in _wrapper\n    return func(*args', '**kwargs)\n  File ""/usr/local/lib/python3.10/site-packages/transformers/modeling_utils.py""', 'line 5030', 'in from_pretrained\n    checkpoint_files', 'sharded_metadata = _get_resolved_checkpoint_files(\n  File ""/usr/local/lib/python3.10/site-packages/transformers/modeling_utils.py""', 'line 1256', 'in _get_resolved_checkpoint_files\n    raise OSError(\nOSError: climatebert/ClimateControversyBERT_classification does not appear to have a file named pytorch_model.bin', 'model.safetensors', 'tf_model.h5', 'model.ckpt or flax_model.msgpack.\n\n\n (Check input length or model card for details).']","Predictions for 'With Covid-19 pandemic which also impacted on
Perm...':
opportunity: 0.97","**kwargs)
  File ""/usr/local/lib/python3.10/site-packages/transformers/modeling_utils.py""","Predictions for 'With Covid-19 pandemic which also impacted on
Perm...':
opportunity: 0.97","Error: Could not load model climatebert/ClimateControversyBert with any of the following classes: (<class 'transformers.models.auto.modeling_auto.AutoModelForSequenceClassification'>,). See the original errors:

while loading with AutoModelForSequenceClassification, an error is thrown:
Traceback (most recent call last):
  File ""/usr/local/lib/python3.10/site-packages/transformers/pipelines/base.py"", line 293, in infer_framework_load_model
    model = model_class.from_pretrained(model, **kwargs)
  File ""/usr/local/lib/python3.10/site-packages/transformers/models/auto/auto_factory.py"", line 604, in from_pretrained
    return model_class.from_pretrained(
  File ""/usr/local/lib/python3.10/site-packages/transformers/modeling_utils.py"", line 288, in _wrapper
    return func(*args, **kwargs)
  File ""/usr/local/lib/python3.10/site-packages/transformers/modeling_utils.py"", line 5030, in from_pretrained
    checkpoint_files, sharded_metadata = _get_resolved_checkpoint_files(
  File ""/usr/local/lib/python3.10/site-packages/transformers/modeling_utils.py"", line 1256, in _get_resolved_checkpoint_files
    raise OSError(
OSError: climatebert/ClimateControversyBert does not appear to have a file named pytorch_model.bin, model.safetensors, tf_model.h5, model.ckpt or flax_model.msgpack.

During handling of the above exception, another exception occurred:

Traceback (most recent call last):
  File ""/usr/local/lib/python3.10/site-packages/transformers/pipelines/base.py"", line 311, in infer_framework_load_model
    model = model_class.from_pretrained(model, **fp32_kwargs)
  File ""/usr/local/lib/python3.10/site-packages/transformers/models/auto/auto_factory.py"", line 604, in from_pretrained
    return model_class.from_pretrained(
  File ""/usr/local/lib/python3.10/site-packages/transformers/modeling_utils.py"", line 288, in _wrapper
    return func(*args, **kwargs)
  File ""/usr/local/lib/python3.10/site-packages/transformers/modeling_utils.py"", line 5030, in from_pretrained
    checkpoint_files, sharded_metadata = _get_resolved_checkpoint_files(
  File ""/usr/local/lib/python3.10/site-packages/transformers/modeling_utils.py"", line 1256, in _get_resolved_checkpoint_files
    raise OSError(
OSError: climatebert/ClimateControversyBert does not appear to have a file named pytorch_model.bin, model.safetensors, tf_model.h5, model.ckpt or flax_model.msgpack.


 (Check input length or model card for details).","Predictions for 'With Covid-19 pandemic which also impacted on
Perm...':
none: 1.00","Error: 
 requires the protobuf library but it was not found in your environment. Check out the instructions on the
installation page of its repo: https://github.com/protocolbuffers/protobuf/tree/master/python#installation and follow the ones
that match your environment. Please note that you may need to restart your runtime after installation.
 (Check input length or model card for details).","Error: 
 requires the protobuf library but it was not found in your environment. Check out the instructions on the
installation page of its repo: https://github.com/protocolbuffers/protobuf/tree/master/python#installation and follow the ones
that match your environment. Please note that you may need to restart your runtime after installation.
 (Check input length or model card for details).","Predictions for 'With Covid-19 pandemic which also impacted on
Perm...':
yes: 1.00","Predictions for 'With Covid-19 pandemic which also impacted on
Perm...':
yes: 0.97","Predictions for 'With Covid-19 pandemic which also impacted on
Perm...':
strategy: 0.93","Predictions for 'With Covid-19 pandemic which also impacted on
Perm...':
LABEL_1: 0.52","Predictions for 'With Covid-19 pandemic which also impacted on
Perm...':
spec: 0.82","Predictions for 'With Covid-19 pandemic which also impacted on
Perm...':
opportunity: 0.97","Predictions for 'With Covid-19 pandemic which also impacted on
Perm...':
no: 1.00","Predictions for 'With Covid-19 pandemic which also impacted on
Perm...':
LABEL_0: 0.50","Error: Could not load model climatebert/ClimateControversyBERT_classification with any of the following classes: (<class 'transformers.models.auto.modeling_auto.AutoModelForSequenceClassification'>,). See the original errors:

while loading with AutoModelForSequenceClassification, an error is thrown:
Traceback (most recent call last):
  File ""/usr/local/lib/python3.10/site-packages/transformers/pipelines/base.py"", line 293, in infer_framework_load_model
    model = model_class.from_pretrained(model, **kwargs)
  File ""/usr/local/lib/python3.10/site-packages/transformers/models/auto/auto_factory.py"", line 604, in from_pretrained
    return model_class.from_pretrained(
  File ""/usr/local/lib/python3.10/site-packages/transformers/modeling_utils.py"", line 288, in _wrapper
    return func(*args, **kwargs)
  File ""/usr/local/lib/python3.10/site-packages/transformers/modeling_utils.py"", line 5030, in from_pretrained
    checkpoint_files, sharded_metadata = _get_resolved_checkpoint_files(
  File ""/usr/local/lib/python3.10/site-packages/transformers/modeling_utils.py"", line 1256, in _get_resolved_checkpoint_files
    raise OSError(
OSError: climatebert/ClimateControversyBERT_classification does not appear to have a file named pytorch_model.bin, model.safetensors, tf_model.h5, model.ckpt or flax_model.msgpack.

During handling of the above exception, another exception occurred:

Traceback (most recent call last):
  File ""/usr/local/lib/python3.10/site-packages/transformers/pipelines/base.py"", line 311, in infer_framework_load_model
    model = model_class.from_pretrained(model, **fp32_kwargs)
  File ""/usr/local/lib/python3.10/site-packages/transformers/models/auto/auto_factory.py"", line 604, in from_pretrained
    return model_class.from_pretrained(
  File ""/usr/local/lib/python3.10/site-packages/transformers/modeling_utils.py"", line 288, in _wrapper
    return func(*args, **kwargs)
  File ""/usr/local/lib/python3.10/site-packages/transformers/modeling_utils.py"", line 5030, in from_pretrained
    checkpoint_files, sharded_metadata = _get_resolved_checkpoint_files(
  File ""/usr/local/lib/python3.10/site-packages/transformers/modeling_utils.py"", line 1256, in _get_resolved_checkpoint_files
    raise OSError(
OSError: climatebert/ClimateControversyBERT_classification does not appear to have a file named pytorch_model.bin, model.safetensors, tf_model.h5, model.ckpt or flax_model.msgpack.


 (Check input length or model card for details).","Error: Could not load model climatebert/econbert with any of the following classes: (<class 'transformers.models.auto.modeling_auto.AutoModelForSequenceClassification'>,). See the original errors:

while loading with AutoModelForSequenceClassification, an error is thrown:
Traceback (most recent call last):
  File ""/usr/local/lib/python3.10/site-packages/transformers/pipelines/base.py"", line 293, in infer_framework_load_model
    model = model_class.from_pretrained(model, **kwargs)
  File ""/usr/local/lib/python3.10/site-packages/transformers/models/auto/auto_factory.py"", line 604, in from_pretrained
    return model_class.from_pretrained(
  File ""/usr/local/lib/python3.10/site-packages/transformers/modeling_utils.py"", line 288, in _wrapper
    return func(*args, **kwargs)
  File ""/usr/local/lib/python3.10/site-packages/transformers/modeling_utils.py"", line 5030, in from_pretrained
    checkpoint_files, sharded_metadata = _get_resolved_checkpoint_files(
  File ""/usr/local/lib/python3.10/site-packages/transformers/modeling_utils.py"", line 1256, in _get_resolved_checkpoint_files
    raise OSError(
OSError: climatebert/econbert does not appear to have a file named pytorch_model.bin, model.safetensors, tf_model.h5, model.ckpt or flax_model.msgpack.

During handling of the above exception, another exception occurred:

Traceback (most recent call last):
  File ""/usr/local/lib/python3.10/site-packages/transformers/pipelines/base.py"", line 311, in infer_framework_load_model
    model = model_class.from_pretrained(model, **fp32_kwargs)
  File ""/usr/local/lib/python3.10/site-packages/transformers/models/auto/auto_factory.py"", line 604, in from_pretrained
    return model_class.from_pretrained(
  File ""/usr/local/lib/python3.10/site-packages/transformers/modeling_utils.py"", line 288, in _wrapper
    return func(*args, **kwargs)
  File ""/usr/local/lib/python3.10/site-packages/transformers/modeling_utils.py"", line 5030, in from_pretrained
    checkpoint_files, sharded_metadata = _get_resolved_checkpoint_files(
  File ""/usr/local/lib/python3.10/site-packages/transformers/modeling_utils.py"", line 1256, in _get_resolved_checkpoint_files
    raise OSError(
OSError: climatebert/econbert does not appear to have a file named pytorch_model.bin, model.safetensors, tf_model.h5, model.ckpt or flax_model.msgpack.


 (Check input length or model card for details).","Predictions for 'With Covid-19 pandemic which also impacted on
Perm...':
LABEL_1: 0.50","Predictions for 'With Covid-19 pandemic which also impacted on
Perm...':
LABEL_1: 0.51"
,[],,,none,[],"[""Error: Could not load model climatebert/ClimateControversyBERT_classification with any of the following classes: (<class 'transformers.models.auto.modeling_auto.AutoModelForSequenceClassification'>"", '). See the original errors:\n\nwhile loading with AutoModelForSequenceClassification', 'an error is thrown:\nTraceback (most recent call last):\n  File ""/usr/local/lib/python3.10/site-packages/transformers/pipelines/base.py""', 'line 293', 'in infer_framework_load_model\n    model = model_class.from_pretrained(model', '**kwargs)\n  File ""/usr/local/lib/python3.10/site-packages/transformers/models/auto/auto_factory.py""', 'line 604', 'in from_pretrained\n    return model_class.from_pretrained(\n  File ""/usr/local/lib/python3.10/site-packages/transformers/modeling_utils.py""', 'line 288', 'in _wrapper\n    return func(*args', '**kwargs)\n  File ""/usr/local/lib/python3.10/site-packages/transformers/modeling_utils.py""', 'line 5030', 'in from_pretrained\n    checkpoint_files', 'sharded_metadata = _get_resolved_checkpoint_files(\n  File ""/usr/local/lib/python3.10/site-packages/transformers/modeling_utils.py""', 'line 1256', 'in _get_resolved_checkpoint_files\n    raise OSError(\nOSError: climatebert/ClimateControversyBERT_classification does not appear to have a file named pytorch_model.bin', 'model.safetensors', 'tf_model.h5', 'model.ckpt or flax_model.msgpack.\n\nDuring handling of the above exception', 'another exception occurred:\n\nTraceback (most recent call last):\n  File ""/usr/local/lib/python3.10/site-packages/transformers/pipelines/base.py""', 'line 311', 'in infer_framework_load_model\n    model = model_class.from_pretrained(model', '**fp32_kwargs)\n  File ""/usr/local/lib/python3.10/site-packages/transformers/models/auto/auto_factory.py""', 'line 604', 'in from_pretrained\n    return model_class.from_pretrained(\n  File ""/usr/local/lib/python3.10/site-packages/transformers/modeling_utils.py""', 'line 288', 'in _wrapper\n    return func(*args', '**kwargs)\n  File ""/usr/local/lib/python3.10/site-packages/transformers/modeling_utils.py""', 'line 5030', 'in from_pretrained\n    checkpoint_files', 'sharded_metadata = _get_resolved_checkpoint_files(\n  File ""/usr/local/lib/python3.10/site-packages/transformers/modeling_utils.py""', 'line 1256', 'in _get_resolved_checkpoint_files\n    raise OSError(\nOSError: climatebert/ClimateControversyBERT_classification does not appear to have a file named pytorch_model.bin', 'model.safetensors', 'tf_model.h5', 'model.ckpt or flax_model.msgpack.\n\n\n (Check input length or model card for details).']","Predictions for 'With Covid-19 pandemic which also impacted on
Perm...':
opportunity: 0.97","**kwargs)
  File ""/usr/local/lib/python3.10/site-packages/transformers/modeling_utils.py""","Predictions for 'With Covid-19 pandemic which also impacted on
Perm...':
opportunity: 0.97","Error: Could not load model climatebert/ClimateControversyBert with any of the following classes: (<class 'transformers.models.auto.modeling_auto.AutoModelForSequenceClassification'>,). See the original errors:

while loading with AutoModelForSequenceClassification, an error is thrown:
Traceback (most recent call last):
  File ""/usr/local/lib/python3.10/site-packages/transformers/pipelines/base.py"", line 293, in infer_framework_load_model
    model = model_class.from_pretrained(model, **kwargs)
  File ""/usr/local/lib/python3.10/site-packages/transformers/models/auto/auto_factory.py"", line 604, in from_pretrained
    return model_class.from_pretrained(
  File ""/usr/local/lib/python3.10/site-packages/transformers/modeling_utils.py"", line 288, in _wrapper
    return func(*args, **kwargs)
  File ""/usr/local/lib/python3.10/site-packages/transformers/modeling_utils.py"", line 5030, in from_pretrained
    checkpoint_files, sharded_metadata = _get_resolved_checkpoint_files(
  File ""/usr/local/lib/python3.10/site-packages/transformers/modeling_utils.py"", line 1256, in _get_resolved_checkpoint_files
    raise OSError(
OSError: climatebert/ClimateControversyBert does not appear to have a file named pytorch_model.bin, model.safetensors, tf_model.h5, model.ckpt or flax_model.msgpack.

During handling of the above exception, another exception occurred:

Traceback (most recent call last):
  File ""/usr/local/lib/python3.10/site-packages/transformers/pipelines/base.py"", line 311, in infer_framework_load_model
    model = model_class.from_pretrained(model, **fp32_kwargs)
  File ""/usr/local/lib/python3.10/site-packages/transformers/models/auto/auto_factory.py"", line 604, in from_pretrained
    return model_class.from_pretrained(
  File ""/usr/local/lib/python3.10/site-packages/transformers/modeling_utils.py"", line 288, in _wrapper
    return func(*args, **kwargs)
  File ""/usr/local/lib/python3.10/site-packages/transformers/modeling_utils.py"", line 5030, in from_pretrained
    checkpoint_files, sharded_metadata = _get_resolved_checkpoint_files(
  File ""/usr/local/lib/python3.10/site-packages/transformers/modeling_utils.py"", line 1256, in _get_resolved_checkpoint_files
    raise OSError(
OSError: climatebert/ClimateControversyBert does not appear to have a file named pytorch_model.bin, model.safetensors, tf_model.h5, model.ckpt or flax_model.msgpack.


 (Check input length or model card for details).","Predictions for 'With Covid-19 pandemic which also impacted on
Perm...':
none: 1.00","Error: 
 requires the protobuf library but it was not found in your environment. Check out the instructions on the
installation page of its repo: https://github.com/protocolbuffers/protobuf/tree/master/python#installation and follow the ones
that match your environment. Please note that you may need to restart your runtime after installation.
 (Check input length or model card for details).","Error: 
 requires the protobuf library but it was not found in your environment. Check out the instructions on the
installation page of its repo: https://github.com/protocolbuffers/protobuf/tree/master/python#installation and follow the ones
that match your environment. Please note that you may need to restart your runtime after installation.
 (Check input length or model card for details).","Predictions for 'With Covid-19 pandemic which also impacted on
Perm...':
yes: 1.00","Predictions for 'With Covid-19 pandemic which also impacted on
Perm...':
yes: 0.97","Predictions for 'With Covid-19 pandemic which also impacted on
Perm...':
strategy: 0.93","Predictions for 'With Covid-19 pandemic which also impacted on
Perm...':
LABEL_1: 0.52","Predictions for 'With Covid-19 pandemic which also impacted on
Perm...':
spec: 0.82","Predictions for 'With Covid-19 pandemic which also impacted on
Perm...':
opportunity: 0.97","Predictions for 'With Covid-19 pandemic which also impacted on
Perm...':
no: 1.00","Predictions for 'With Covid-19 pandemic which also impacted on
Perm...':
LABEL_0: 0.50","Error: Could not load model climatebert/ClimateControversyBERT_classification with any of the following classes: (<class 'transformers.models.auto.modeling_auto.AutoModelForSequenceClassification'>,). See the original errors:

while loading with AutoModelForSequenceClassification, an error is thrown:
Traceback (most recent call last):
  File ""/usr/local/lib/python3.10/site-packages/transformers/pipelines/base.py"", line 293, in infer_framework_load_model
    model = model_class.from_pretrained(model, **kwargs)
  File ""/usr/local/lib/python3.10/site-packages/transformers/models/auto/auto_factory.py"", line 604, in from_pretrained
    return model_class.from_pretrained(
  File ""/usr/local/lib/python3.10/site-packages/transformers/modeling_utils.py"", line 288, in _wrapper
    return func(*args, **kwargs)
  File ""/usr/local/lib/python3.10/site-packages/transformers/modeling_utils.py"", line 5030, in from_pretrained
    checkpoint_files, sharded_metadata = _get_resolved_checkpoint_files(
  File ""/usr/local/lib/python3.10/site-packages/transformers/modeling_utils.py"", line 1256, in _get_resolved_checkpoint_files
    raise OSError(
OSError: climatebert/ClimateControversyBERT_classification does not appear to have a file named pytorch_model.bin, model.safetensors, tf_model.h5, model.ckpt or flax_model.msgpack.

During handling of the above exception, another exception occurred:

Traceback (most recent call last):
  File ""/usr/local/lib/python3.10/site-packages/transformers/pipelines/base.py"", line 311, in infer_framework_load_model
    model = model_class.from_pretrained(model, **fp32_kwargs)
  File ""/usr/local/lib/python3.10/site-packages/transformers/models/auto/auto_factory.py"", line 604, in from_pretrained
    return model_class.from_pretrained(
  File ""/usr/local/lib/python3.10/site-packages/transformers/modeling_utils.py"", line 288, in _wrapper
    return func(*args, **kwargs)
  File ""/usr/local/lib/python3.10/site-packages/transformers/modeling_utils.py"", line 5030, in from_pretrained
    checkpoint_files, sharded_metadata = _get_resolved_checkpoint_files(
  File ""/usr/local/lib/python3.10/site-packages/transformers/modeling_utils.py"", line 1256, in _get_resolved_checkpoint_files
    raise OSError(
OSError: climatebert/ClimateControversyBERT_classification does not appear to have a file named pytorch_model.bin, model.safetensors, tf_model.h5, model.ckpt or flax_model.msgpack.


 (Check input length or model card for details).","Error: Could not load model climatebert/econbert with any of the following classes: (<class 'transformers.models.auto.modeling_auto.AutoModelForSequenceClassification'>,). See the original errors:

while loading with AutoModelForSequenceClassification, an error is thrown:
Traceback (most recent call last):
  File ""/usr/local/lib/python3.10/site-packages/transformers/pipelines/base.py"", line 293, in infer_framework_load_model
    model = model_class.from_pretrained(model, **kwargs)
  File ""/usr/local/lib/python3.10/site-packages/transformers/models/auto/auto_factory.py"", line 604, in from_pretrained
    return model_class.from_pretrained(
  File ""/usr/local/lib/python3.10/site-packages/transformers/modeling_utils.py"", line 288, in _wrapper
    return func(*args, **kwargs)
  File ""/usr/local/lib/python3.10/site-packages/transformers/modeling_utils.py"", line 5030, in from_pretrained
    checkpoint_files, sharded_metadata = _get_resolved_checkpoint_files(
  File ""/usr/local/lib/python3.10/site-packages/transformers/modeling_utils.py"", line 1256, in _get_resolved_checkpoint_files
    raise OSError(
OSError: climatebert/econbert does not appear to have a file named pytorch_model.bin, model.safetensors, tf_model.h5, model.ckpt or flax_model.msgpack.

During handling of the above exception, another exception occurred:

Traceback (most recent call last):
  File ""/usr/local/lib/python3.10/site-packages/transformers/pipelines/base.py"", line 311, in infer_framework_load_model
    model = model_class.from_pretrained(model, **fp32_kwargs)
  File ""/usr/local/lib/python3.10/site-packages/transformers/models/auto/auto_factory.py"", line 604, in from_pretrained
    return model_class.from_pretrained(
  File ""/usr/local/lib/python3.10/site-packages/transformers/modeling_utils.py"", line 288, in _wrapper
    return func(*args, **kwargs)
  File ""/usr/local/lib/python3.10/site-packages/transformers/modeling_utils.py"", line 5030, in from_pretrained
    checkpoint_files, sharded_metadata = _get_resolved_checkpoint_files(
  File ""/usr/local/lib/python3.10/site-packages/transformers/modeling_utils.py"", line 1256, in _get_resolved_checkpoint_files
    raise OSError(
OSError: climatebert/econbert does not appear to have a file named pytorch_model.bin, model.safetensors, tf_model.h5, model.ckpt or flax_model.msgpack.


 (Check input length or model card for details).","Predictions for 'With Covid-19 pandemic which also impacted on
Perm...':
LABEL_1: 0.50","Predictions for 'With Covid-19 pandemic which also impacted on
Perm...':
LABEL_1: 0.51"
